strategy,id,question,expected_pages,retrieved_pages,retrieved_scores,top_score,page_hit_at_3,mrr,num_chunks,avg_chunk_tokens
sentence_15_no_overlap,A001,Which six classes of nutrients are required for the body to function and maintain overall health?,[4],"[4, 10, 9]","[0.8033629655838013, 0.7745763659477234, 0.7541247606277466]",0.8033629655838013,True,1.0,1212,276.644595709571
sentence_15_no_overlap,A002,What is a macronutrient?,[5],"[5, 7, 477]","[0.7920447587966919, 0.7379722595214844, 0.707442045211792]",0.7920447587966919,True,1.0,1212,276.644595709571
sentence_15_no_overlap,A003,What does the term Calorie on a Nutrition Facts label actually represent?,"[264, 735, 726, 5]","[264, 726, 735]","[0.7435973882675171, 0.7383255958557129, 0.7333135604858398]",0.7435973882675171,True,1.0,1212,276.644595709571
sentence_15_no_overlap,A004,Why is water considered a required macronutrient even though it does not provide energy?,"[5, 7]","[7, 5, 265]","[0.8010458946228027, 0.7867315411567688, 0.7388918995857239]",0.8010458946228027,True,1.0,1212,276.644595709571
sentence_15_no_overlap,A005,Why are nutrient-dense foods considered higher-quality foods?,[13],"[554, 36, 266]","[0.7913213968276978, 0.7610929012298584, 0.7512273788452148]",0.7913213968276978,False,0.0,1212,276.644595709571
sentence_15_no_overlap,A006,List the common metric prefixes and amounts used in nutrition measurement.,[16],"[16, 264, 644]","[0.8050490617752075, 0.6978741884231567, 0.6945151090621948]",0.8050490617752075,True,1.0,1212,276.644595709571
sentence_15_no_overlap,A007,How do dietary habits and other lifestyle factors work together to influence health?,[19],"[19, 23, 35]","[0.80754554271698, 0.7737694978713989, 0.7517246007919312]",0.80754554271698,True,1.0,1212,276.644595709571
sentence_15_no_overlap,A008,What is an epidemiological study in nutrition research?,[26],"[26, 30, 26]","[0.7957245707511902, 0.7245461940765381, 0.7005224227905273]",0.7957245707511902,True,1.0,1212,276.644595709571
sentence_15_no_overlap,A009,How do epidemiological studies and intervention clinical trials differ in what they can show?,[26],"[26, 32, 843]","[0.7920306324958801, 0.6592346429824829, 0.6409152746200562]",0.7920306324958801,True,1.0,1212,276.644595709571
sentence_15_no_overlap,A010,Why is one nutrition study usually not enough to make a guideline or recommendation?,[30],"[756, 755, 31]","[0.7390801906585693, 0.7267422080039978, 0.7133397459983826]",0.7390801906585693,False,0.0,1212,276.644595709571
sentence_15_no_overlap,A011,Why should a reader trace nutrition news back to the original journal article when possible?,[32],"[32, 31, 33]","[0.7520191669464111, 0.7457966208457947, 0.7169464230537415]",0.7520191669464111,True,1.0,1212,276.644595709571
sentence_15_no_overlap,A012,What are the ABCD methods used for nutritional assessment?,[27],"[27, 29, 28]","[0.8209978938102722, 0.7324869632720947, 0.6976456046104431]",0.8209978938102722,True,1.0,1212,276.644595709571
sentence_15_no_overlap,A013,How does the history of iodine and goiter illustrate an evidence-based approach to nutrition?,"[39, 40, 41]","[39, 41, 39]","[0.8567717671394348, 0.8363189697265625, 0.7855596542358398]",0.8567717671394348,True,1.0,1212,276.644595709571
sentence_15_no_overlap,A014,What is digestion?,[53],"[53, 60, 126]","[0.7858691811561584, 0.735089898109436, 0.705942690372467]",0.7858691811561584,True,1.0,1212,276.644595709571
sentence_15_no_overlap,A015,List the hollow tube-shaped organs that make up the digestive system.,[53],"[53, 51, 60]","[0.7140624523162842, 0.6726384162902832, 0.6654564142227173]",0.7140624523162842,True,1.0,1212,276.644595709571
sentence_15_no_overlap,A016,What is chyme?,[57],"[57, 57, 190]","[0.7051248550415039, 0.5636333227157593, 0.5614526867866516]",0.7051248550415039,True,1.0,1212,276.644595709571
sentence_15_no_overlap,A017,How does the structure of the small intestine maximize nutrient absorption?,[58],"[58, 59, 60]","[0.8491297364234924, 0.7852275967597961, 0.7766362428665161]",0.8491297364234924,True,1.0,1212,276.644595709571
sentence_15_no_overlap,A018,Why is the urinary system important beyond simply removing wastes?,[86],"[86, 88, 69]","[0.8098409175872803, 0.7513154745101929, 0.7120270729064941]",0.8098409175872803,True,1.0,1212,276.644595709571
sentence_15_no_overlap,A019,How are overweight and obesity different?,[103],"[103, 293, 104]","[0.7658501863479614, 0.7397329807281494, 0.721280574798584]",0.7658501863479614,True,1.0,1212,276.644595709571
sentence_15_no_overlap,A020,What components help the immune system defend the body?,[100],"[100, 51, 101]","[0.7612495422363281, 0.7465603947639465, 0.719831109046936]",0.7612495422363281,True,1.0,1212,276.644595709571
sentence_15_no_overlap,A021,How can poor nutrient intake increase infection risk through the immune system?,[100],"[101, 100, 393]","[0.7997260689735413, 0.7940641045570374, 0.7483862638473511]",0.7997260689735413,True,0.5,1212,276.644595709571
sentence_15_no_overlap,A022,How does muscle energy storage differ from liver energy storage during activity?,[92],"[137, 275, 136]","[0.7963106632232666, 0.7774139642715454, 0.7701563835144043]",0.7963106632232666,False,0.0,1212,276.644595709571
sentence_15_no_overlap,A023,What is the Recommended Dietary Allowance for carbohydrates for children and adults?,[149],"[149, 639, 624]","[0.8052642941474915, 0.7550967335700989, 0.7534911036491394]",0.8052642941474915,True,1.0,1212,276.644595709571
sentence_15_no_overlap,A024,How are monosaccharides and disaccharides related within simple carbohydrates?,[117],"[117, 5, 119]","[0.8262492418289185, 0.7837911248207092, 0.7684995532035828]",0.8262492418289185,True,1.0,1212,276.644595709571
sentence_15_no_overlap,A025,Why does chemical digestion of carbohydrates stop in the stomach?,[123],"[123, 126, 128]","[0.7833375334739685, 0.7815332412719727, 0.748790979385376]",0.7833375334739685,True,1.0,1212,276.644595709571
sentence_15_no_overlap,A026,"What is the glycemic index, and what factors can affect it?",[131],"[131, 129, 84]","[0.85780930519104, 0.702162504196167, 0.7004663944244385]",0.85780930519104,True,1.0,1212,276.644595709571
sentence_15_no_overlap,A027,How do added sugars differ from sugars naturally found in whole foods?,[141],"[141, 726, 153]","[0.7748495936393738, 0.7650596499443054, 0.7532514929771423]",0.7748495936393738,True,1.0,1212,276.644595709571
sentence_15_no_overlap,A028,"How are carbohydrate digestion, blood glucose, insulin, glucagon, and glycogen connected after a meal and between meals?","[126, 127]","[126, 5, 129]","[0.815876305103302, 0.7626419067382812, 0.7609272003173828]",0.815876305103302,True,1.0,1212,276.644595709571
sentence_15_no_overlap,A029,A person wants to choose a less refined bread and reduce added sugars. What label-based strategy should they use?,[151],"[151, 143, 203]","[0.6862016916275024, 0.6859588623046875, 0.6683104038238525]",0.6862016916275024,True,1.0,1212,276.644595709571
sentence_15_no_overlap,A030,"Using a 2,000 kilocalorie diet and the 45–65% AMDR for carbohydrates, how many grams of carbohydrate should a person consume per day?",[149],"[149, 639, 643]","[0.8427927494049072, 0.7975713610649109, 0.7787036299705505]",0.8427927494049072,True,1.0,1212,276.644595709571
sentence_15_no_overlap,A031,How many kilocalories does one gram of fat or oil provide?,[173],"[264, 173, 265]","[0.7884681224822998, 0.7438459396362305, 0.7363229393959045]",0.7884681224822998,True,0.5,1212,276.644595709571
sentence_15_no_overlap,A032,What percentage of total calories should fat provide for adults according to the AMDR?,"[657, 197, 643, 639]","[657, 643, 639]","[0.8328590989112854, 0.8051474094390869, 0.7998587489128113]",0.8328590989112854,True,1.0,1212,276.644595709571
sentence_15_no_overlap,A033,What is a triglyceride?,[176],"[176, 166, 167]","[0.7532268166542053, 0.7480019927024841, 0.7337964773178101]",0.7532268166542053,True,1.0,1212,276.644595709571
sentence_15_no_overlap,A034,How do dietary fats increase the bioavailability of certain micronutrients?,[170],"[170, 463, 387]","[0.8200340867042542, 0.8073340654373169, 0.7770478129386902]",0.8200340867042542,True,1.0,1212,276.644595709571
sentence_15_no_overlap,A035,How do omega-6 and omega-3 fatty acids differ in their eicosanoid effects?,[182],"[200, 199, 174]","[0.8048784732818604, 0.7757247686386108, 0.7648109793663025]",0.8048784732818604,False,0.0,1212,276.644595709571
sentence_15_no_overlap,A036,How are LDL and HDL different in relation to blood cholesterol risk?,"[193, 194]","[194, 205, 193]","[0.7646645903587341, 0.7501095533370972, 0.7498737573623657]",0.7646645903587341,True,1.0,1212,276.644595709571
sentence_15_no_overlap,A037,List four dietary suggestions that can help improve a lipid profile.,[196],"[196, 210, 207]","[0.7887550592422485, 0.7599604725837708, 0.7507940530776978]",0.7887550592422485,True,1.0,1212,276.644595709571
sentence_15_no_overlap,A038,How can hydrogenation of fats connect food processing to heart-health concerns?,"[202, 205]","[202, 203, 202]","[0.8309326767921448, 0.8028068542480469, 0.7536740303039551]",0.8309326767921448,True,1.0,1212,276.644595709571
sentence_15_no_overlap,A039,"How many amino acids are essential, nonessential, and total in human protein nutrition?",[220],"[220, 221, 218]","[0.867115318775177, 0.7977819442749023, 0.7583392858505249]",0.867115318775177,True,1.0,1212,276.644595709571
sentence_15_no_overlap,A040,What is protein?,[218],"[218, 216, 233]","[0.8612440824508667, 0.8123698234558105, 0.7804369926452637]",0.8612440824508667,True,1.0,1212,276.644595709571
sentence_15_no_overlap,A041,How do proteins contribute to food structure and texture during cooking?,[226],"[226, 227, -13]","[0.875038206577301, 0.7733737826347351, 0.7522299289703369]",0.875038206577301,True,1.0,1212,276.644595709571
sentence_15_no_overlap,A042,How do kwashiorkor and marasmus differ?,[243],"[243, 244, 242]","[0.8133765459060669, 0.7591589689254761, 0.6398369073867798]",0.8133765459060669,True,1.0,1212,276.644595709571
sentence_15_no_overlap,A043,List several major functions of proteins in the body.,"[234, 235, 236, 237]","[233, 216, 218]","[0.8532677292823792, 0.822892963886261, 0.8197386264801025]",0.8532677292823792,False,0.0,1212,276.644595709571
sentence_15_no_overlap,A044,How is nitrogen balance used to determine appropriate protein intake?,[249],"[249, 249, 256]","[0.8778173923492432, 0.7940435409545898, 0.7541377544403076]",0.8778173923492432,True,1.0,1212,276.644595709571
sentence_15_no_overlap,A045,A person wants to improve protein choices without increasing saturated fat. What options fit that goal?,"[210, 700, 207]","[207, 700, 210]","[0.7461919188499451, 0.7425639629364014, 0.7357974052429199]",0.7461919188499451,True,1.0,1212,276.644595709571
sentence_15_no_overlap,A046,How much protein would a healthy 70 kg adult need using 0.8 g/kg body weight?,[249],"[256, 257, 282]","[0.7572737336158752, 0.7380529642105103, 0.7133455276489258]",0.7572737336158752,False,0.0,1212,276.644595709571
sentence_15_no_overlap,A047,"On packaged foods, what do the calories listed on the Nutrition Facts panel actually represent?",[265],"[735, 727, 731]","[0.7629079222679138, 0.7325394153594971, 0.7310195565223694]",0.7629079222679138,False,0.0,1212,276.644595709571
sentence_15_no_overlap,A048,"When is body weight maintained, lost, or gained in relation to energy balance?",[279],"[279, 290, 278]","[0.7505717277526855, 0.7264504432678223, 0.7213817238807678]",0.7505717277526855,True,1.0,1212,276.644595709571
sentence_15_no_overlap,A049,What is the difference between potential energy and kinetic energy?,"[264, 268, 344]","[264, 268, 345]","[0.7059586048126221, 0.6528945565223694, 0.636122465133667]",0.7059586048126221,True,1.0,1212,276.644595709571
sentence_15_no_overlap,A050,What is an obesogenic environment?,[276],"[276, 291, 290]","[0.8052226901054382, 0.7063277959823608, 0.6737430095672607]",0.8052226901054382,True,1.0,1212,276.644595709571
sentence_15_no_overlap,A051,How do positive and negative energy balance differ in their effects on body weight?,[279],"[818, 249, 290]","[0.7219618558883667, 0.7030603885650635, 0.7014726400375366]",0.7219618558883667,False,0.0,1212,276.644595709571
sentence_15_no_overlap,A052,List national-level actions that can support obesity prevention or weight management.,[278],"[278, 300, 277]","[0.7333096265792847, 0.7209165096282959, 0.7077794671058655]",0.7333096265792847,True,1.0,1212,276.644595709571
sentence_15_no_overlap,A053,"How do the hypothalamus, hunger, and satiety work together to regulate energy intake?",[285],"[285, 286, 287]","[0.8313023447990417, 0.8164370059967041, 0.7449898719787598]",0.8313023447990417,True,1.0,1212,276.644595709571
sentence_15_no_overlap,A054,"If breakfast includes 150 calories from yogurt, 209 calories from granola, and 100 calories from orange juice, what is the total caloric intake?",[265],"[748, 265, 643]","[0.759947657585144, 0.721718966960907, 0.6934885382652283]",0.759947657585144,True,0.5,1212,276.644595709571
sentence_15_no_overlap,A055,How is binge drinking defined for men and women?,[306],"[306, 307, 646]","[0.6852810978889465, 0.6779111623764038, 0.6748040318489075]",0.6852810978889465,True,1.0,1212,276.644595709571
sentence_15_no_overlap,A056,Why is taking acetaminophen after drinking alcohol risky?,[312],"[312, 314, 310]","[0.7449824810028076, 0.6768965721130371, 0.6692667007446289]",0.7449824810028076,True,1.0,1212,276.644595709571
sentence_15_no_overlap,A057,"How do beer, wine, and hard liquor differ in calorie content and nutrient contribution?",[311],"[311, 314, 153]","[0.83336341381073, 0.7741604447364807, 0.7147403359413147]",0.83336341381073,True,1.0,1212,276.644595709571
sentence_15_no_overlap,A058,List the three most common forms of alcoholic liver disease.,[316],"[316, 316, 315]","[0.7857869863510132, 0.7470029592514038, 0.7009604573249817]",0.7857869863510132,True,1.0,1212,276.644595709571
sentence_15_no_overlap,A059,What adequate intake values are given for total water for adult males and females?,[337],"[337, 326, 658]","[0.8282691240310669, 0.740481972694397, 0.7402883768081665]",0.8282691240310669,True,1.0,1212,276.644595709571
sentence_15_no_overlap,A060,What is an electrolyte?,[327],"[327, 344, 344]","[0.7831599712371826, 0.7180541157722473, 0.7156651020050049]",0.7831599712371826,True,1.0,1212,276.644595709571
sentence_15_no_overlap,A061,Why is water considered the most critical nutrient?,[331],"[331, 7, 332]","[0.7573961615562439, 0.7521296739578247, 0.7098860740661621]",0.7573961615562439,True,1.0,1212,276.644595709571
sentence_15_no_overlap,A062,How does dehydration affect blood volume and cells?,[365],"[365, 365, 707]","[0.7608298063278198, 0.7526971101760864, 0.7404217720031738]",0.7608298063278198,True,1.0,1212,276.644595709571
sentence_15_no_overlap,A063,How do cations and anions differ in body fluids?,[327],"[327, 328, 329]","[0.7596837282180786, 0.7218776941299438, 0.7143716216087341]",0.7596837282180786,True,1.0,1212,276.644595709571
sentence_15_no_overlap,A064,List examples of foods with very high water content.,[338],"[338, -12, 133]","[0.7297245264053345, 0.6894944906234741, 0.6891466379165649]",0.7297245264053345,True,1.0,1212,276.644595709571
sentence_15_no_overlap,A065,"How are potassium, aldosterone, and nerve impulses connected?",[362],"[362, 342, 345]","[0.7969272136688232, 0.7073336839675903, 0.6707977056503296]",0.7969272136688232,True,1.0,1212,276.644595709571
sentence_15_no_overlap,A066,A person wants a beverage that helps avoid weight gain. What general label-based guidance applies?,[371],"[371, 373, 381]","[0.7411308288574219, 0.7012873888015747, 0.6966792345046997]",0.7411308288574219,True,1.0,1212,276.644595709571
sentence_15_no_overlap,A067,What are the adult RDA and adult UL for vitamin E?,[404],"[404, 395, 409]","[0.7493813037872314, 0.702855110168457, 0.6841431856155396]",0.7493813037872314,True,1.0,1212,276.644595709571
sentence_15_no_overlap,A068,What vitamin D supplement dose range was linked to lower fracture incidence in a review of clinical trials?,[399],"[399, 399, 471]","[0.7924052476882935, 0.7517663240432739, 0.7266383171081543]",0.7924052476882935,True,1.0,1212,276.644595709571
sentence_15_no_overlap,A069,What is vitamin A?,[390],"[390, 390, 394]","[0.8267271518707275, 0.8254522085189819, 0.7987641096115112]",0.8267271518707275,True,1.0,1212,276.644595709571
sentence_15_no_overlap,A070,Why can vitamin A deficiency cause night blindness?,[391],"[391, 390, 403]","[0.8658966422080994, 0.8512959480285645, 0.7318558096885681]",0.8658966422080994,True,1.0,1212,276.644595709571
sentence_15_no_overlap,A071,How do water-soluble vitamins support energy metabolism?,[411],"[411, 443, 442]","[0.8438478112220764, 0.8001836538314819, 0.7671486735343933]",0.8438478112220764,True,1.0,1212,276.644595709571
sentence_15_no_overlap,A072,How do fat-soluble vitamins and water-soluble vitamins differ in the roles described?,"[390, 411]","[387, 411, 388]","[0.8462554216384888, 0.7871701121330261, 0.7801246643066406]",0.8462554216384888,True,0.5,1212,276.644595709571
sentence_15_no_overlap,A073,List health problems associated with vitamin D deficiency in children and adults.,[398],"[398, 399, 400]","[0.7927858233451843, 0.7800351977348328, 0.7743349075317383]",0.7927858233451843,True,1.0,1212,276.644595709571
sentence_15_no_overlap,A074,How should the relationship between micronutrient deficiency and disease be interpreted for vitamin A?,[393],"[393, 392, 386]","[0.7977139353752136, 0.7578984498977661, 0.7437390089035034]",0.7977139353752136,True,1.0,1212,276.644595709571
sentence_15_no_overlap,A075,How does vitamin C act as an antioxidant and support body tissues?,[412],"[412, 413, 386]","[0.8616632223129272, 0.7745645046234131, 0.7592306137084961]",0.8616632223129272,True,1.0,1212,276.644595709571
sentence_15_no_overlap,A076,A person is considering very high-dose vitamin E supplements. What caution is supported?,[404],"[402, 404, 712]","[0.740667462348938, 0.7095886468887329, 0.7060251235961914]",0.740667462348938,True,0.5,1212,276.644595709571
sentence_15_no_overlap,A077,Where is most calcium stored in the human body?,[465],"[465, 474, 466]","[0.820284366607666, 0.7264769077301025, 0.7161440849304199]",0.820284366607666,True,1.0,1212,276.644595709571
sentence_15_no_overlap,A078,What is phosphorus present as in the body?,[477],"[477, 61, 478]","[0.8543530702590942, 0.7223623991012573, 0.7218305468559265]",0.8543530702590942,True,1.0,1212,276.644595709571
sentence_15_no_overlap,A079,Why can low calcium intake weaken bones even when blood calcium remains controlled?,[465],"[465, 465, 467]","[0.7839590907096863, 0.765324056148529, 0.7410095930099487]",0.7839590907096863,True,1.0,1212,276.644595709571
sentence_15_no_overlap,A080,How do calcium carbonate and calcium citrate differ as supplement choices?,[470],"[470, 471, 470]","[0.7437356114387512, 0.707377016544342, 0.675958514213562]",0.7437356114387512,True,1.0,1212,276.644595709571
sentence_15_no_overlap,A081,"How are magnesium, vitamin D activation, parathyroid hormone, and bone density connected?",[483],"[483, 98, 465]","[0.7826087474822998, 0.7221109867095947, 0.7164255976676941]",0.7826087474822998,True,1.0,1212,276.644595709571
sentence_15_no_overlap,A082,"How does phosphorus connect cell structure, genetic material, energy production, and bones?",[477],"[477, 94, 48]","[0.7519811391830444, 0.7029200792312622, 0.6996105313301086]",0.7519811391830444,True,1.0,1212,276.644595709571
sentence_15_no_overlap,A083,What percentage reduction in cavities did water fluoridation prevent on average in children?,[527],"[527, 528, 529]","[0.778730571269989, 0.7426549792289734, 0.7173521518707275]",0.778730571269989,True,1.0,1212,276.644595709571
sentence_15_no_overlap,A084,What are trace minerals?,[494],"[494, 9, -11]","[0.7889857888221741, 0.7357110977172852, 0.7170153856277466]",0.7889857888221741,True,1.0,1212,276.644595709571
sentence_15_no_overlap,A085,How does vitamin C affect iron absorption from plant-based meals?,[498],"[498, 463, 416]","[0.8296974301338196, 0.8263616561889648, 0.7794852256774902]",0.8296974301338196,True,1.0,1212,276.644595709571
sentence_15_no_overlap,A086,How do heme and nonheme iron differ in bioavailability and food sources?,[498],"[498, 463, 555]","[0.7654272317886353, 0.7237263917922974, 0.704227089881897]",0.7654272317886353,True,1.0,1212,276.644595709571
sentence_15_no_overlap,A087,List signs or consequences of severe zinc deficiency.,[507],"[507, 367, 501]","[0.724390983581543, 0.7083821296691895, 0.7070852518081665]",0.724390983581543,True,1.0,1212,276.644595709571
sentence_15_no_overlap,A088,"How can iodine deficiency affect the thyroid, metabolism, growth, and brain development?",[515],"[515, 39, 556]","[0.856399416923523, 0.7303817868232727, 0.7173458337783813]",0.856399416923523,True,1.0,1212,276.644595709571
sentence_15_no_overlap,A089,How does selenium work with other antioxidants and thyroid-related functions?,[510],"[510, 511, 451]","[0.8382114171981812, 0.7533924579620361, 0.736473798751831]",0.8382114171981812,True,1.0,1212,276.644595709571
sentence_15_no_overlap,A090,"How much folic acid should women of childbearing age get daily from fortified foods, supplements, or both?",[546],"[546, 436, 437]","[0.8367618322372437, 0.7898000478744507, 0.7770171761512756]",0.8367618322372437,True,1.0,1212,276.644595709571
sentence_15_no_overlap,A091,What is colostrum?,[586],"[587, 586, 57]","[0.7626227140426636, 0.6878916025161743, 0.6515782475471497]",0.7626227140426636,True,0.5,1212,276.644595709571
sentence_15_no_overlap,A092,Why is good nutrition important during pregnancy?,[544],"[544, 554, 555]","[0.8417909741401672, 0.8180955648422241, 0.7861698865890503]",0.8417909741401672,True,1.0,1212,276.644595709571
sentence_15_no_overlap,A093,Why do choline needs increase during pregnancy and lactation?,[556],"[556, 583, 585]","[0.7723627090454102, 0.7312872409820557, 0.7102314829826355]",0.7723627090454102,True,1.0,1212,276.644595709571
sentence_15_no_overlap,A094,How do recommended pregnancy weight-gain ranges differ for normal-weight and obese prepregnancy BMI categories?,[547],"[547, 548, 549]","[0.8542940020561218, 0.8413944244384766, 0.7632818222045898]",0.8542940020561218,True,1.0,1212,276.644595709571
sentence_15_no_overlap,A095,List food-handling measures that reduce contamination risk during pregnancy or breastfeeding.,[560],"[560, 797, 559]","[0.8138102293014526, 0.7410726547241211, 0.7266227006912231]",0.8138102293014526,True,1.0,1212,276.644595709571
sentence_15_no_overlap,A096,A pregnant person wants seafood but is concerned about methylmercury. What choices and limits are supported?,[561],"[561, 560, 556]","[0.8370553851127625, 0.7133584022521973, 0.7011993527412415]",0.8370553851127625,True,1.0,1212,276.644595709571
sentence_15_no_overlap,A097,"Using the estimate of 40 calories per inch of height, how many calories would a 32-inch toddler need per day?",[607],"[607, 608, 606]","[0.8318214416503906, 0.7566916346549988, 0.72681725025177]",0.8318214416503906,True,1.0,1212,276.644595709571
sentence_15_no_overlap,A098,"What ages define early, middle, and late childhood?",[622],"[622, 538, 660]","[0.8162062764167786, 0.7161612510681152, 0.7021043300628662]",0.8162062764167786,True,1.0,1212,276.644595709571
sentence_15_no_overlap,A099,Why is a healthy diet important for school-aged children?,[623],"[627, 566, 623]","[0.7730188369750977, 0.727459728717804, 0.722243070602417]",0.7730188369750977,True,0.3333333333333333,1212,276.644595709571
sentence_15_no_overlap,A100,How do early adolescence and late adolescence differ in growth and independence?,"[638, 642, 620]","[642, 638, 620]","[0.802404522895813, 0.7284571528434753, 0.7025700211524963]",0.802404522895813,True,1.0,1212,276.644595709571
sentence_15_no_overlap,A101,List important micronutrients for children and adolescents and why they matter.,"[625, 639]","[644, 639, 626]","[0.8344004154205322, 0.7881388068199158, 0.780205488204956]",0.8344004154205322,True,0.5,1212,276.644595709571
sentence_15_no_overlap,A102,"How can food insecurity in childhood affect growth and development, and what programs address it?",[628],"[628, 628, 862]","[0.7580234408378601, 0.729377269744873, 0.7269891500473022]",0.7580234408378601,True,1.0,1212,276.644595709571
sentence_15_no_overlap,A103,A teenager often skips meals and buys convenience-store snacks. What nutrition guidance fits this life stage?,"[642, 643]","[643, 642, -10]","[0.7486883997917175, 0.7144073247909546, 0.6706550717353821]",0.7486883997917175,True,1.0,1212,276.644595709571
sentence_15_no_overlap,A104,What daily energy ranges are given for women and men ages nineteen to thirty?,[657],"[281, 657, 280]","[0.7172060608863831, 0.7012101411819458, 0.6752811670303345]",0.7172060608863831,True,0.5,1212,276.644595709571
sentence_15_no_overlap,A105,What is middle age?,[660],"[660, 539, 663]","[0.8293829560279846, 0.7021428942680359, 0.6783779263496399]",0.8293829560279846,True,1.0,1212,276.644595709571
sentence_15_no_overlap,A106,Why do older adults face special nutrition concerns?,[666],"[667, 669, 667]","[0.792378306388855, 0.7774010300636292, 0.7655029296875]",0.792378306388855,False,0.0,1212,276.644595709571
sentence_15_no_overlap,A107,How do macronutrient recommendations in middle age compare with young adulthood?,[661],"[661, 660, 672]","[0.7904459238052368, 0.7704257965087891, 0.7522194385528564]",0.7904459238052368,True,1.0,1212,276.644595709571
sentence_15_no_overlap,A108,How can aging-related stomach acid changes affect vitamin B12 status and brain health?,[668],"[668, 438, 442]","[0.7428091168403625, 0.732331395149231, 0.7209211587905884]",0.7428091168403625,True,1.0,1212,276.644595709571
sentence_15_no_overlap,A109,An older adult has difficulty swallowing after neurological problems. What food-texture strategy is supported?,[669],"[669, 667, 668]","[0.7407748699188232, 0.7284461259841919, 0.7072082757949829]",0.7407748699188232,True,1.0,1212,276.644595709571
sentence_15_no_overlap,A110,What protein intake range is recommended for athletes?,[700],"[700, 257, 699]","[0.8334848880767822, 0.8164564371109009, 0.7924036383628845]",0.8334848880767822,True,1.0,1212,276.644595709571
sentence_15_no_overlap,A111,Why does aerobic training improve cardiorespiratory endurance?,[680],"[680, 681, 692]","[0.8300802707672119, 0.7019026279449463, 0.7008215188980103]",0.8300802707672119,True,1.0,1212,276.644595709571
sentence_15_no_overlap,A112,How do anaerobic and aerobic metabolism differ during physical activity?,[691],"[692, 695, 684]","[0.8189586400985718, 0.7794222235679626, 0.7577615976333618]",0.8189586400985718,False,0.0,1212,276.644595709571
sentence_15_no_overlap,A113,List physical and mental benefits of regular physical activity.,[687],"[687, 688, 688]","[0.8674871325492859, 0.8457156419754028, 0.804044783115387]",0.8674871325492859,True,1.0,1212,276.644595709571
sentence_15_no_overlap,A114,How can dehydration reduce exercise performance and raise heat-illness risk?,"[706, 707]","[707, 706, 707]","[0.8359867334365845, 0.8322138786315918, 0.7803047895431519]",0.8359867334365845,True,1.0,1212,276.644595709571
sentence_15_no_overlap,A115,An endurance athlete trains one to three hours per day at moderate to high intensity. What carbohydrate intake range is appropriate?,[699],"[697, 699, 257]","[0.7634719014167786, 0.7489206790924072, 0.7307462096214294]",0.7634719014167786,True,0.5,1212,276.644595709571
sentence_15_no_overlap,A116,"What are the AMDR ranges for adults for protein, carbohydrates, and fat?",[724],"[657, 643, 639]","[0.8079690337181091, 0.8073169589042664, 0.8024011850357056]",0.8079690337181091,False,0.0,1212,276.644595709571
sentence_15_no_overlap,A117,"What is the updated Daily Value for sodium on a 2,000-calorie diet?",[728],"[349, 659, 728]","[0.7724120616912842, 0.7167332768440247, 0.7030646204948425]",0.7724120616912842,True,0.3333333333333333,1212,276.644595709571
sentence_15_no_overlap,A118,What are Dietary Reference Intakes?,[721],"[721, 280, 585]","[0.8252443075180054, 0.8248448371887207, 0.8168354630470276]",0.8252443075180054,True,1.0,1212,276.644595709571
sentence_15_no_overlap,A119,"How is an RDA determined from an EAR, and what population goal does it serve?",[722],"[722, 249, 395]","[0.79638671875, 0.6414124965667725, 0.6354107856750488]",0.79638671875,True,1.0,1212,276.644595709571
sentence_15_no_overlap,A120,How does Percent Daily Value help someone read a Nutrition Facts panel?,[727],"[727, 724, 31]","[0.7366741895675659, 0.6893664598464966, 0.6851919889450073]",0.7366741895675659,True,1.0,1212,276.644595709571
sentence_15_no_overlap,A121,How do EAR and RDA differ?,"[722, 723]","[722, 249, 866]","[0.7436137795448303, 0.6335104703903198, 0.6195437908172607]",0.7436137795448303,True,1.0,1212,276.644595709571
sentence_15_no_overlap,A122,List changes made to the updated Nutrition Facts label.,"[726, 727]","[726, 732, 733]","[0.7842784523963928, 0.7637325525283813, 0.7597274780273438]",0.7842784523963928,True,1.0,1212,276.644595709571
sentence_15_no_overlap,A123,"A cracker label says 20 crackers equal one serving and the box contains 10 servings. If someone eats 40 crackers, how many servings did they eat?",[727],"[727, 735, 749]","[0.6574357748031616, 0.6497026085853577, 0.6438295841217041]",0.6574357748031616,True,1.0,1212,276.644595709571
sentence_15_no_overlap,A124,What temperature range is called the danger zone for bacterial growth?,[767],"[767, 768, 769]","[0.718348503112793, 0.6317766904830933, 0.6137934327125549]",0.718348503112793,True,1.0,1212,276.644595709571
sentence_15_no_overlap,A125,What is a foodborne infection?,[766],"[764, 766, 771]","[0.8217338919639587, 0.8162640333175659, 0.7846907377243042]",0.8217338919639587,True,0.5,1212,276.644595709571
sentence_15_no_overlap,A126,Why can cooked food left at room temperature for hours cause illness?,[771],"[799, 771, 773]","[0.7733333110809326, 0.7532338500022888, 0.7397406101226807]",0.7733333110809326,True,0.5,1212,276.644595709571
sentence_15_no_overlap,A127,How do food infection and food intoxication differ?,"[766, 769]","[771, 769, 766]","[0.8005269765853882, 0.7765903472900391, 0.77601557970047]",0.8005269765853882,True,0.5,1212,276.644595709571
sentence_15_no_overlap,A128,"List the four most important consumer steps for handling, preparing, and serving food safely.",[797],"[797, 560, 783]","[0.8257544636726379, 0.6880278587341309, 0.6847643852233887]",0.8257544636726379,True,1.0,1212,276.644595709571
sentence_15_no_overlap,A129,"How do buying, storing, and preparing food safely work together to reduce foodborne illness risk?","[797, 798]","[797, 787, 764]","[0.7878291010856628, 0.7422401905059814, 0.7304328680038452]",0.7878291010856628,True,1.0,1212,276.644595709571
sentence_15_no_overlap,A130,A family cooked dinner and has leftovers. What should they do to store the food safely?,"[797, 798]","[797, 799, 798]","[0.7515525817871094, 0.7259352207183838, 0.720818281173706]",0.7515525817871094,True,1.0,1212,276.644595709571
sentence_15_no_overlap,A131,Can a person with excess body weight still be malnourished?,[853],"[853, 835, 861]","[0.7232910394668579, 0.6772089004516602, 0.6752999424934387]",0.7232910394668579,True,1.0,1212,276.644595709571
sentence_15_no_overlap,A132,How common is food insecurity in Louisiana as described?,[860],"[860, 628, 22]","[0.8119735717773438, 0.7942247986793518, 0.7905258536338806]",0.8119735717773438,True,1.0,1212,276.644595709571
sentence_15_no_overlap,A133,What education and credentialing steps are required to become a registered dietitian?,[866],"[866, 867, -6]","[0.7578800916671753, 0.6302472949028015, 0.6201627850532532]",0.7578800916671753,True,1.0,1212,276.644595709571
sentence_15_no_overlap,A134,What is wellness?,[805],"[805, 805, 670]","[0.7165837287902832, 0.6215664148330688, 0.6054965853691101]",0.7165837287902832,True,1.0,1212,276.644595709571
sentence_15_no_overlap,A135,Why is managing weight by only comparing calories in and calories out overly simplistic?,[815],"[815, 279, 821]","[0.7677825689315796, 0.6903953552246094, 0.6878577470779419]",0.7677825689315796,True,1.0,1212,276.644595709571
sentence_15_no_overlap,A136,Why are chronic disease risk factors warning signs rather than guarantees?,[839],"[839, 839, 840]","[0.8044069409370422, 0.7283782958984375, 0.6922856569290161]",0.8044069409370422,True,1.0,1212,276.644595709571
sentence_15_no_overlap,A137,How do undernutrition and overnutrition differ?,[853],"[853, 84, 856]","[0.8129574060440063, 0.717018187046051, 0.6894739866256714]",0.8129574060440063,True,1.0,1212,276.644595709571
sentence_15_no_overlap,A138,List groups described as being at risk of hunger or malnutrition.,[861],"[861, 859, 859]","[0.8359440565109253, 0.7608069777488708, 0.7415069937705994]",0.8359440565109253,True,1.0,1212,276.644595709571
sentence_15_no_overlap,A139,How can disease and diet create a cycle that compromises nutrition and health?,[824],"[824, 853, 839]","[0.7646694779396057, 0.7208552360534668, 0.7153270840644836]",0.7646694779396057,True,1.0,1212,276.644595709571
sentence_15_no_overlap,A140,A student wants a career providing evidence-based nutrition care. How should they distinguish registered dietitians from nutritionists?,[866],"[866, 866, 867]","[0.7993059158325195, 0.7190544605255127, 0.7139493823051453]",0.7993059158325195,True,1.0,1212,276.644595709571
sentence_10_overlap_5,A001,Which six classes of nutrients are required for the body to function and maintain overall health?,[4],"[4, 4, 10]","[0.8752151727676392, 0.81397545337677, 0.7745764255523682]",0.8752151727676392,True,1.0,2684,200.04508196721312
sentence_10_overlap_5,A002,What is a macronutrient?,[5],"[5, 7, 5]","[0.7887147665023804, 0.7379721403121948, 0.7298901081085205]",0.7887147665023804,True,1.0,2684,200.04508196721312
sentence_10_overlap_5,A003,What does the term Calorie on a Nutrition Facts label actually represent?,"[264, 735, 726, 5]","[726, 5, 264]","[0.7690035700798035, 0.7574948072433472, 0.7435973882675171]",0.7690035700798035,True,1.0,2684,200.04508196721312
sentence_10_overlap_5,A004,Why is water considered a required macronutrient even though it does not provide energy?,"[5, 7]","[7, 5, 265]","[0.8010458946228027, 0.7771179676055908, 0.7680873274803162]",0.8010458946228027,True,1.0,2684,200.04508196721312
sentence_10_overlap_5,A005,Why are nutrient-dense foods considered higher-quality foods?,[13],"[554, 13, 36]","[0.7913214564323425, 0.7777822017669678, 0.7680851221084595]",0.7913214564323425,True,0.5,2684,200.04508196721312
sentence_10_overlap_5,A006,List the common metric prefixes and amounts used in nutrition measurement.,[16],"[16, 5, 264]","[0.805048942565918, 0.7004557847976685, 0.6978742480278015]",0.805048942565918,True,1.0,2684,200.04508196721312
sentence_10_overlap_5,A007,How do dietary habits and other lifestyle factors work together to influence health?,[19],"[19, 19, 23]","[0.8211444020271301, 0.7806100845336914, 0.7536332607269287]",0.8211444020271301,True,1.0,2684,200.04508196721312
sentence_10_overlap_5,A008,What is an epidemiological study in nutrition research?,[26],"[26, 30, 26]","[0.79555344581604, 0.7356930375099182, 0.7152957320213318]",0.79555344581604,True,1.0,2684,200.04508196721312
sentence_10_overlap_5,A009,How do epidemiological studies and intervention clinical trials differ in what they can show?,[26],"[26, 26, 26]","[0.7821029424667358, 0.7434909343719482, 0.7064881920814514]",0.7821029424667358,True,1.0,2684,200.04508196721312
sentence_10_overlap_5,A010,Why is one nutrition study usually not enough to make a guideline or recommendation?,[30],"[31, 756, 41]","[0.743270993232727, 0.7411577105522156, 0.7218749523162842]",0.743270993232727,False,0.0,2684,200.04508196721312
sentence_10_overlap_5,A011,Why should a reader trace nutrition news back to the original journal article when possible?,[32],"[32, 32, 31]","[0.7649526596069336, 0.7527080178260803, 0.7441937923431396]",0.7649526596069336,True,1.0,2684,200.04508196721312
sentence_10_overlap_5,A012,What are the ABCD methods used for nutritional assessment?,[27],"[27, 29, 26]","[0.820997953414917, 0.7324870228767395, 0.7128516435623169]",0.820997953414917,True,1.0,2684,200.04508196721312
sentence_10_overlap_5,A013,How does the history of iodine and goiter illustrate an evidence-based approach to nutrition?,"[39, 40, 41]","[39, 41, 40]","[0.8567717671394348, 0.8470717072486877, 0.7850700616836548]",0.8567717671394348,True,1.0,2684,200.04508196721312
sentence_10_overlap_5,A014,What is digestion?,[53],"[53, 53, 53]","[0.7801163196563721, 0.7508817911148071, 0.7344265580177307]",0.7801163196563721,True,1.0,2684,200.04508196721312
sentence_10_overlap_5,A015,List the hollow tube-shaped organs that make up the digestive system.,[53],"[53, 53, 49]","[0.7218546867370605, 0.7030695676803589, 0.6855857968330383]",0.7218546867370605,True,1.0,2684,200.04508196721312
sentence_10_overlap_5,A016,What is chyme?,[57],"[57, 57, 123]","[0.7174112200737, 0.5772607922554016, 0.5687634348869324]",0.7174112200737,True,1.0,2684,200.04508196721312
sentence_10_overlap_5,A017,How does the structure of the small intestine maximize nutrient absorption?,[58],"[58, 58, 59]","[0.8567346334457397, 0.8068102598190308, 0.7852276563644409]",0.8567346334457397,True,1.0,2684,200.04508196721312
sentence_10_overlap_5,A018,Why is the urinary system important beyond simply removing wastes?,[86],"[86, 88, 86]","[0.7983248233795166, 0.7714087963104248, 0.7531737089157104]",0.7983248233795166,True,1.0,2684,200.04508196721312
sentence_10_overlap_5,A019,How are overweight and obesity different?,[103],"[103, 294, 294]","[0.7779058218002319, 0.766242265701294, 0.7618798017501831]",0.7779058218002319,True,1.0,2684,200.04508196721312
sentence_10_overlap_5,A020,What components help the immune system defend the body?,[100],"[100, 51, 101]","[0.7612495422363281, 0.7465604543685913, 0.7183581590652466]",0.7612495422363281,True,1.0,2684,200.04508196721312
sentence_10_overlap_5,A021,How can poor nutrient intake increase infection risk through the immune system?,[100],"[100, 101, 100]","[0.8297003507614136, 0.8055746555328369, 0.7940641045570374]",0.8297003507614136,True,1.0,2684,200.04508196721312
sentence_10_overlap_5,A022,How does muscle energy storage differ from liver energy storage during activity?,[92],"[92, 137, 275]","[0.7965394854545593, 0.796310544013977, 0.7702915072441101]",0.7965394854545593,True,1.0,2684,200.04508196721312
sentence_10_overlap_5,A023,What is the Recommended Dietary Allowance for carbohydrates for children and adults?,[149],"[149, 624, 149]","[0.8141216039657593, 0.7634268403053284, 0.7536064982414246]",0.8141216039657593,True,1.0,2684,200.04508196721312
sentence_10_overlap_5,A024,How are monosaccharides and disaccharides related within simple carbohydrates?,[117],"[117, 117, 5]","[0.8328981399536133, 0.8010373115539551, 0.7792401313781738]",0.8328981399536133,True,1.0,2684,200.04508196721312
sentence_10_overlap_5,A025,Why does chemical digestion of carbohydrates stop in the stomach?,[123],"[123, 126, 123]","[0.7807115912437439, 0.7749860286712646, 0.7567771673202515]",0.7807115912437439,True,1.0,2684,200.04508196721312
sentence_10_overlap_5,A026,"What is the glycemic index, and what factors can affect it?",[131],"[131, 131, 129]","[0.8554083704948425, 0.7262875437736511, 0.7068524956703186]",0.8554083704948425,True,1.0,2684,200.04508196721312
sentence_10_overlap_5,A027,How do added sugars differ from sugars naturally found in whole foods?,[141],"[141, 726, 726]","[0.7724168300628662, 0.7650596499443054, 0.7551668882369995]",0.7724168300628662,True,1.0,2684,200.04508196721312
sentence_10_overlap_5,A028,"How are carbohydrate digestion, blood glucose, insulin, glucagon, and glycogen connected after a meal and between meals?","[126, 127]","[126, 5, 128]","[0.8120983839035034, 0.7607449293136597, 0.7559738755226135]",0.8120983839035034,True,1.0,2684,200.04508196721312
sentence_10_overlap_5,A029,A person wants to choose a less refined bread and reduce added sugars. What label-based strategy should they use?,[151],"[151, 151, 143]","[0.7179635167121887, 0.7089895009994507, 0.677613377571106]",0.7179635167121887,True,1.0,2684,200.04508196721312
sentence_10_overlap_5,A030,"Using a 2,000 kilocalorie diet and the 45–65% AMDR for carbohydrates, how many grams of carbohydrate should a person consume per day?",[149],"[149, 149, 639]","[0.8720970153808594, 0.8532897233963013, 0.811428427696228]",0.8720970153808594,True,1.0,2684,200.04508196721312
sentence_10_overlap_5,A031,How many kilocalories does one gram of fat or oil provide?,[173],"[264, 264, 173]","[0.788468062877655, 0.7609954476356506, 0.7550785541534424]",0.788468062877655,True,0.3333333333333333,2684,200.04508196721312
sentence_10_overlap_5,A032,What percentage of total calories should fat provide for adults according to the AMDR?,"[657, 197, 643, 639]","[657, 657, 197]","[0.852138876914978, 0.8221858739852905, 0.8171842098236084]",0.852138876914978,True,1.0,2684,200.04508196721312
sentence_10_overlap_5,A033,What is a triglyceride?,[176],"[176, 176, 166]","[0.7788591384887695, 0.7532266974449158, 0.7440847158432007]",0.7788591384887695,True,1.0,2684,200.04508196721312
sentence_10_overlap_5,A034,How do dietary fats increase the bioavailability of certain micronutrients?,[170],"[170, 170, 170]","[0.8379620909690857, 0.8200340867042542, 0.8118460178375244]",0.8379620909690857,True,1.0,2684,200.04508196721312
sentence_10_overlap_5,A035,How do omega-6 and omega-3 fatty acids differ in their eicosanoid effects?,[182],"[182, 200, 182]","[0.8322778344154358, 0.8293204307556152, 0.8242376446723938]",0.8322778344154358,True,1.0,2684,200.04508196721312
sentence_10_overlap_5,A036,How are LDL and HDL different in relation to blood cholesterol risk?,"[193, 194]","[192, 194, 193]","[0.8283402323722839, 0.7858875393867493, 0.7647690773010254]",0.8283402323722839,True,0.5,2684,200.04508196721312
sentence_10_overlap_5,A037,List four dietary suggestions that can help improve a lipid profile.,[196],"[196, 197, 196]","[0.7917160391807556, 0.7592067718505859, 0.7541662454605103]",0.7917160391807556,True,1.0,2684,200.04508196721312
sentence_10_overlap_5,A038,How can hydrogenation of fats connect food processing to heart-health concerns?,"[202, 205]","[202, 202, 203]","[0.8139356374740601, 0.7885055541992188, 0.7674919366836548]",0.8139356374740601,True,1.0,2684,200.04508196721312
sentence_10_overlap_5,A039,"How many amino acids are essential, nonessential, and total in human protein nutrition?",[220],"[220, 221, 220]","[0.8671153783798218, 0.7972052097320557, 0.7718403935432434]",0.8671153783798218,True,1.0,2684,200.04508196721312
sentence_10_overlap_5,A040,What is protein?,[218],"[218, 218, 216]","[0.85394287109375, 0.850885808467865, 0.812369704246521]",0.85394287109375,True,1.0,2684,200.04508196721312
sentence_10_overlap_5,A041,How do proteins contribute to food structure and texture during cooking?,[226],"[226, 226, 226]","[0.864022970199585, 0.8528532385826111, 0.8331844806671143]",0.864022970199585,True,1.0,2684,200.04508196721312
sentence_10_overlap_5,A042,How do kwashiorkor and marasmus differ?,[243],"[243, 243, 244]","[0.8133766055107117, 0.7616309523582458, 0.7591589689254761]",0.8133766055107117,True,1.0,2684,200.04508196721312
sentence_10_overlap_5,A043,List several major functions of proteins in the body.,"[234, 235, 236, 237]","[233, 216, 218]","[0.8532677888870239, 0.8228928446769714, 0.818716824054718]",0.8532677888870239,False,0.0,2684,200.04508196721312
sentence_10_overlap_5,A044,How is nitrogen balance used to determine appropriate protein intake?,[249],"[249, 249, 249]","[0.8669242858886719, 0.8603078722953796, 0.850297212600708]",0.8669242858886719,True,1.0,2684,200.04508196721312
sentence_10_overlap_5,A045,A person wants to improve protein choices without increasing saturated fat. What options fit that goal?,"[210, 700, 207]","[700, 207, 210]","[0.7494616508483887, 0.7388066053390503, 0.7335201501846313]",0.7494616508483887,True,1.0,2684,200.04508196721312
sentence_10_overlap_5,A046,How much protein would a healthy 70 kg adult need using 0.8 g/kg body weight?,[249],"[256, 256, 257]","[0.7704328894615173, 0.7483682632446289, 0.7376900315284729]",0.7704328894615173,False,0.0,2684,200.04508196721312
sentence_10_overlap_5,A047,"On packaged foods, what do the calories listed on the Nutrition Facts panel actually represent?",[265],"[726, 727, 735]","[0.7962666749954224, 0.7695826292037964, 0.764930248260498]",0.7962666749954224,False,0.0,2684,200.04508196721312
sentence_10_overlap_5,A048,"When is body weight maintained, lost, or gained in relation to energy balance?",[279],"[279, 279, 278]","[0.7643133997917175, 0.7545779347419739, 0.748001754283905]",0.7643133997917175,True,1.0,2684,200.04508196721312
sentence_10_overlap_5,A049,What is the difference between potential energy and kinetic energy?,"[264, 268, 344]","[264, 264, 264]","[0.8060386776924133, 0.7268974184989929, 0.7134729623794556]",0.8060386776924133,True,1.0,2684,200.04508196721312
sentence_10_overlap_5,A050,What is an obesogenic environment?,[276],"[276, 291, 288]","[0.8052226901054382, 0.7153005003929138, 0.6900732517242432]",0.8052226901054382,True,1.0,2684,200.04508196721312
sentence_10_overlap_5,A051,How do positive and negative energy balance differ in their effects on body weight?,[279],"[278, 278, 818]","[0.764703631401062, 0.7593824863433838, 0.7237367630004883]",0.764703631401062,False,0.0,2684,200.04508196721312
sentence_10_overlap_5,A052,List national-level actions that can support obesity prevention or weight management.,[278],"[277, 278, 300]","[0.758085310459137, 0.7488230466842651, 0.7209006547927856]",0.758085310459137,True,0.5,2684,200.04508196721312
sentence_10_overlap_5,A053,"How do the hypothalamus, hunger, and satiety work together to regulate energy intake?",[285],"[285, 285, 286]","[0.8643342852592468, 0.8313024044036865, 0.8130877614021301]",0.8643342852592468,True,1.0,2684,200.04508196721312
sentence_10_overlap_5,A054,"If breakfast includes 150 calories from yogurt, 209 calories from granola, and 100 calories from orange juice, what is the total caloric intake?",[265],"[748, 748, 265]","[0.7817081212997437, 0.7599475979804993, 0.7598081231117249]",0.7817081212997437,True,0.3333333333333333,2684,200.04508196721312
sentence_10_overlap_5,A055,How is binge drinking defined for men and women?,[306],"[306, 306, 646]","[0.8378622531890869, 0.7182174324989319, 0.7044246196746826]",0.8378622531890869,True,1.0,2684,200.04508196721312
sentence_10_overlap_5,A056,Why is taking acetaminophen after drinking alcohol risky?,[312],"[312, 314, 318]","[0.7408621311187744, 0.7022672891616821, 0.6712782382965088]",0.7408621311187744,True,1.0,2684,200.04508196721312
sentence_10_overlap_5,A057,"How do beer, wine, and hard liquor differ in calorie content and nutrient contribution?",[311],"[311, 314, 153]","[0.8333634734153748, 0.7968361377716064, 0.7147403359413147]",0.8333634734153748,True,1.0,2684,200.04508196721312
sentence_10_overlap_5,A058,List the three most common forms of alcoholic liver disease.,[316],"[315, 316, 315]","[0.7973663806915283, 0.7775758504867554, 0.7686007618904114]",0.7973663806915283,True,0.5,2684,200.04508196721312
sentence_10_overlap_5,A059,What adequate intake values are given for total water for adult males and females?,[337],"[337, 326, 326]","[0.8282690644264221, 0.7514885663986206, 0.7478964328765869]",0.8282690644264221,True,1.0,2684,200.04508196721312
sentence_10_overlap_5,A060,What is an electrolyte?,[327],"[327, 345, 365]","[0.7831599116325378, 0.7086489200592041, 0.7045542001724243]",0.7831599116325378,True,1.0,2684,200.04508196721312
sentence_10_overlap_5,A061,Why is water considered the most critical nutrient?,[331],"[331, 7, 7]","[0.7573961615562439, 0.7521297335624695, 0.7164150476455688]",0.7573961615562439,True,1.0,2684,200.04508196721312
sentence_10_overlap_5,A062,How does dehydration affect blood volume and cells?,[365],"[365, 365, 365]","[0.7827638983726501, 0.7653108835220337, 0.7608298063278198]",0.7827638983726501,True,1.0,2684,200.04508196721312
sentence_10_overlap_5,A063,How do cations and anions differ in body fluids?,[327],"[327, 328, 329]","[0.7596837282180786, 0.7228356003761292, 0.7099233865737915]",0.7596837282180786,True,1.0,2684,200.04508196721312
sentence_10_overlap_5,A064,List examples of foods with very high water content.,[338],"[338, 767, 338]","[0.7546347975730896, 0.7526816725730896, 0.7236819267272949]",0.7546347975730896,True,1.0,2684,200.04508196721312
sentence_10_overlap_5,A065,"How are potassium, aldosterone, and nerve impulses connected?",[362],"[362, 362, 342]","[0.8318910598754883, 0.7775576710700989, 0.7445492148399353]",0.8318910598754883,True,1.0,2684,200.04508196721312
sentence_10_overlap_5,A066,A person wants a beverage that helps avoid weight gain. What general label-based guidance applies?,[371],"[371, 371, 373]","[0.7411308288574219, 0.7225666046142578, 0.7012873888015747]",0.7411308288574219,True,1.0,2684,200.04508196721312
sentence_10_overlap_5,A067,What are the adult RDA and adult UL for vitamin E?,[404],"[404, 395, 402]","[0.7518132328987122, 0.6994677782058716, 0.6926178932189941]",0.7518132328987122,True,1.0,2684,200.04508196721312
sentence_10_overlap_5,A068,What vitamin D supplement dose range was linked to lower fracture incidence in a review of clinical trials?,[399],"[399, 399, 399]","[0.792413055896759, 0.7517663240432739, 0.7457797527313232]",0.792413055896759,True,1.0,2684,200.04508196721312
sentence_10_overlap_5,A069,What is vitamin A?,[390],"[390, 390, 394]","[0.8254522085189819, 0.8203167915344238, 0.7987641096115112]",0.8254522085189819,True,1.0,2684,200.04508196721312
sentence_10_overlap_5,A070,Why can vitamin A deficiency cause night blindness?,[391],"[391, 390, 391]","[0.8658967018127441, 0.8512957692146301, 0.8140479326248169]",0.8658967018127441,True,1.0,2684,200.04508196721312
sentence_10_overlap_5,A071,How do water-soluble vitamins support energy metabolism?,[411],"[411, 9, 443]","[0.8438478112220764, 0.8308377265930176, 0.7943944931030273]",0.8438478112220764,True,1.0,2684,200.04508196721312
sentence_10_overlap_5,A072,How do fat-soluble vitamins and water-soluble vitamins differ in the roles described?,"[390, 411]","[387, 386, 9]","[0.8462553024291992, 0.8021659255027771, 0.7955665588378906]",0.8462553024291992,False,0.0,2684,200.04508196721312
sentence_10_overlap_5,A073,List health problems associated with vitamin D deficiency in children and adults.,[398],"[398, 398, 399]","[0.8217987418174744, 0.7927858829498291, 0.776806116104126]",0.8217987418174744,True,1.0,2684,200.04508196721312
sentence_10_overlap_5,A074,How should the relationship between micronutrient deficiency and disease be interpreted for vitamin A?,[393],"[393, 393, 392]","[0.8066570162773132, 0.7741828560829163, 0.7601377964019775]",0.8066570162773132,True,1.0,2684,200.04508196721312
sentence_10_overlap_5,A075,How does vitamin C act as an antioxidant and support body tissues?,[412],"[412, 857, 412]","[0.8616632223129272, 0.8093628883361816, 0.7896585464477539]",0.8616632223129272,True,1.0,2684,200.04508196721312
sentence_10_overlap_5,A076,A person is considering very high-dose vitamin E supplements. What caution is supported?,[404],"[402, 403, 403]","[0.7416114807128906, 0.7332690954208374, 0.727729082107544]",0.7416114807128906,False,0.0,2684,200.04508196721312
sentence_10_overlap_5,A077,Where is most calcium stored in the human body?,[465],"[465, 465, 474]","[0.822009801864624, 0.7345747351646423, 0.7288036346435547]",0.822009801864624,True,1.0,2684,200.04508196721312
sentence_10_overlap_5,A078,What is phosphorus present as in the body?,[477],"[477, 477, 61]","[0.8499208688735962, 0.7569221258163452, 0.7223622798919678]",0.8499208688735962,True,1.0,2684,200.04508196721312
sentence_10_overlap_5,A079,Why can low calcium intake weaken bones even when blood calcium remains controlled?,[465],"[465, 465, 465]","[0.7927482724189758, 0.765324056148529, 0.7589666843414307]",0.7927482724189758,True,1.0,2684,200.04508196721312
sentence_10_overlap_5,A080,How do calcium carbonate and calcium citrate differ as supplement choices?,[470],"[470, 470, 471]","[0.7722813487052917, 0.7598813772201538, 0.7164739370346069]",0.7722813487052917,True,1.0,2684,200.04508196721312
sentence_10_overlap_5,A081,"How are magnesium, vitamin D activation, parathyroid hormone, and bone density connected?",[483],"[483, 465, 483]","[0.7887461185455322, 0.7508620023727417, 0.7366649508476257]",0.7887461185455322,True,1.0,2684,200.04508196721312
sentence_10_overlap_5,A082,"How does phosphorus connect cell structure, genetic material, energy production, and bones?",[477],"[477, 265, 265]","[0.7479913830757141, 0.709428071975708, 0.7078745365142822]",0.7479913830757141,True,1.0,2684,200.04508196721312
sentence_10_overlap_5,A083,What percentage reduction in cavities did water fluoridation prevent on average in children?,[527],"[527, 527, 527]","[0.8530148267745972, 0.788623571395874, 0.7646456956863403]",0.8530148267745972,True,1.0,2684,200.04508196721312
sentence_10_overlap_5,A084,What are trace minerals?,[494],"[494, 9, 462]","[0.7887554168701172, 0.7402429580688477, 0.7206023931503296]",0.7887554168701172,True,1.0,2684,200.04508196721312
sentence_10_overlap_5,A085,How does vitamin C affect iron absorption from plant-based meals?,[498],"[498, 501, 463]","[0.8370680212974548, 0.8361461758613586, 0.8294528126716614]",0.8370680212974548,True,1.0,2684,200.04508196721312
sentence_10_overlap_5,A086,How do heme and nonheme iron differ in bioavailability and food sources?,[498],"[498, 498, 501]","[0.8304423093795776, 0.7786016464233398, 0.7646206021308899]",0.8304423093795776,True,1.0,2684,200.04508196721312
sentence_10_overlap_5,A087,List signs or consequences of severe zinc deficiency.,[507],"[507, 507, 504]","[0.754370927810669, 0.7254267334938049, 0.7252864837646484]",0.754370927810669,True,1.0,2684,200.04508196721312
sentence_10_overlap_5,A088,"How can iodine deficiency affect the thyroid, metabolism, growth, and brain development?",[515],"[515, 515, 39]","[0.8596265316009521, 0.7613679766654968, 0.7303817272186279]",0.8596265316009521,True,1.0,2684,200.04508196721312
sentence_10_overlap_5,A089,How does selenium work with other antioxidants and thyroid-related functions?,[510],"[510, 510, 511]","[0.8432620167732239, 0.7728560566902161, 0.7533924579620361]",0.8432620167732239,True,1.0,2684,200.04508196721312
sentence_10_overlap_5,A090,"How much folic acid should women of childbearing age get daily from fortified foods, supplements, or both?",[546],"[546, 435, 436]","[0.8511490821838379, 0.7935904860496521, 0.7883816957473755]",0.8511490821838379,True,1.0,2684,200.04508196721312
sentence_10_overlap_5,A091,What is colostrum?,[586],"[587, 586, 586]","[0.7518945932388306, 0.7437599897384644, 0.7378963232040405]",0.7518945932388306,True,0.5,2684,200.04508196721312
sentence_10_overlap_5,A092,Why is good nutrition important during pregnancy?,[544],"[544, 554, 554]","[0.845994770526886, 0.8153910636901855, 0.7983969449996948]",0.845994770526886,True,1.0,2684,200.04508196721312
sentence_10_overlap_5,A093,Why do choline needs increase during pregnancy and lactation?,[556],"[556, 442, 556]","[0.8310582637786865, 0.7858881950378418, 0.7728604674339294]",0.8310582637786865,True,1.0,2684,200.04508196721312
sentence_10_overlap_5,A094,How do recommended pregnancy weight-gain ranges differ for normal-weight and obese prepregnancy BMI categories?,[547],"[547, 548, 546]","[0.8542940020561218, 0.8455035090446472, 0.8018675446510315]",0.8542940020561218,True,1.0,2684,200.04508196721312
sentence_10_overlap_5,A095,List food-handling measures that reduce contamination risk during pregnancy or breastfeeding.,[560],"[560, 560, 797]","[0.8138103485107422, 0.7449531555175781, 0.7312412858009338]",0.8138103485107422,True,1.0,2684,200.04508196721312
sentence_10_overlap_5,A096,A pregnant person wants seafood but is concerned about methylmercury. What choices and limits are supported?,[561],"[561, 561, 554]","[0.8601967692375183, 0.757777988910675, 0.7232990860939026]",0.8601967692375183,True,1.0,2684,200.04508196721312
sentence_10_overlap_5,A097,"Using the estimate of 40 calories per inch of height, how many calories would a 32-inch toddler need per day?",[607],"[607, 608, 608]","[0.8328378796577454, 0.756691575050354, 0.7439101934432983]",0.8328378796577454,True,1.0,2684,200.04508196721312
sentence_10_overlap_5,A098,"What ages define early, middle, and late childhood?",[622],"[622, 622, 538]","[0.8162063360214233, 0.7554610967636108, 0.7302208542823792]",0.8162063360214233,True,1.0,2684,200.04508196721312
sentence_10_overlap_5,A099,Why is a healthy diet important for school-aged children?,[623],"[627, 627, 623]","[0.7766519784927368, 0.7369575500488281, 0.7324877977371216]",0.7766519784927368,True,0.3333333333333333,2684,200.04508196721312
sentence_10_overlap_5,A100,How do early adolescence and late adolescence differ in growth and independence?,"[638, 642, 620]","[642, 638, 622]","[0.8161706328392029, 0.7354040741920471, 0.7240132093429565]",0.8161706328392029,True,1.0,2684,200.04508196721312
sentence_10_overlap_5,A101,List important micronutrients for children and adolescents and why they matter.,"[625, 639]","[644, 639, 625]","[0.8354102373123169, 0.830605149269104, 0.8089750409126282]",0.8354102373123169,True,0.5,2684,200.04508196721312
sentence_10_overlap_5,A102,"How can food insecurity in childhood affect growth and development, and what programs address it?",[628],"[628, 861, 628]","[0.8023108839988708, 0.7531243562698364, 0.7508554458618164]",0.8023108839988708,True,1.0,2684,200.04508196721312
sentence_10_overlap_5,A103,A teenager often skips meals and buys convenience-store snacks. What nutrition guidance fits this life stage?,"[642, 643]","[642, 643, 642]","[0.753729522228241, 0.7523860335350037, 0.7011816501617432]",0.753729522228241,True,1.0,2684,200.04508196721312
sentence_10_overlap_5,A104,What daily energy ranges are given for women and men ages nineteen to thirty?,[657],"[657, 281, 657]","[0.7201403379440308, 0.7172060012817383, 0.7137339115142822]",0.7201403379440308,True,1.0,2684,200.04508196721312
sentence_10_overlap_5,A105,What is middle age?,[660],"[660, 539, 660]","[0.8372884392738342, 0.712091326713562, 0.6867881417274475]",0.8372884392738342,True,1.0,2684,200.04508196721312
sentence_10_overlap_5,A106,Why do older adults face special nutrition concerns?,[666],"[668, 668, 667]","[0.8010534644126892, 0.795169472694397, 0.7845919132232666]",0.8010534644126892,False,0.0,2684,200.04508196721312
sentence_10_overlap_5,A107,How do macronutrient recommendations in middle age compare with young adulthood?,[661],"[661, 657, 661]","[0.8094561100006104, 0.7830092310905457, 0.7811359167098999]",0.8094561100006104,True,1.0,2684,200.04508196721312
sentence_10_overlap_5,A108,How can aging-related stomach acid changes affect vitamin B12 status and brain health?,[668],"[438, 438, 668]","[0.7606309652328491, 0.7508072257041931, 0.7404490113258362]",0.7606309652328491,True,0.3333333333333333,2684,200.04508196721312
sentence_10_overlap_5,A109,An older adult has difficulty swallowing after neurological problems. What food-texture strategy is supported?,[669],"[669, 667, 668]","[0.7535277605056763, 0.7230364084243774, 0.7125201225280762]",0.7535277605056763,True,1.0,2684,200.04508196721312
sentence_10_overlap_5,A110,What protein intake range is recommended for athletes?,[700],"[700, 256, 700]","[0.8584192991256714, 0.8382158279418945, 0.8329446315765381]",0.8584192991256714,True,1.0,2684,200.04508196721312
sentence_10_overlap_5,A111,Why does aerobic training improve cardiorespiratory endurance?,[680],"[680, 680, 688]","[0.8542999029159546, 0.7833619117736816, 0.7250739932060242]",0.8542999029159546,True,1.0,2684,200.04508196721312
sentence_10_overlap_5,A112,How do anaerobic and aerobic metabolism differ during physical activity?,[691],"[691, 692, 691]","[0.8357944488525391, 0.8184050917625427, 0.8154821991920471]",0.8357944488525391,True,1.0,2684,200.04508196721312
sentence_10_overlap_5,A113,List physical and mental benefits of regular physical activity.,[687],"[687, 688, 688]","[0.8687852621078491, 0.8409925699234009, 0.8131100535392761]",0.8687852621078491,True,1.0,2684,200.04508196721312
sentence_10_overlap_5,A114,How can dehydration reduce exercise performance and raise heat-illness risk?,"[706, 707]","[707, 706, 707]","[0.8401201963424683, 0.8322138786315918, 0.7803047299385071]",0.8401201963424683,True,1.0,2684,200.04508196721312
sentence_10_overlap_5,A115,An endurance athlete trains one to three hours per day at moderate to high intensity. What carbohydrate intake range is appropriate?,[699],"[699, 697, 697]","[0.8069120645523071, 0.7798237800598145, 0.756020724773407]",0.8069120645523071,True,1.0,2684,200.04508196721312
sentence_10_overlap_5,A116,"What are the AMDR ranges for adults for protein, carbohydrates, and fat?",[724],"[723, 657, 639]","[0.8236230611801147, 0.8227928876876831, 0.8152064085006714]",0.8236230611801147,False,0.0,2684,200.04508196721312
sentence_10_overlap_5,A117,"What is the updated Daily Value for sodium on a 2,000-calorie diet?",[728],"[349, 349, 349]","[0.7704877853393555, 0.7499799728393555, 0.741841197013855]",0.7704877853393555,False,0.0,2684,200.04508196721312
sentence_10_overlap_5,A118,What are Dietary Reference Intakes?,[721],"[721, 657, 724]","[0.8324118256568909, 0.8274914026260376, 0.8261723518371582]",0.8324118256568909,True,1.0,2684,200.04508196721312
sentence_10_overlap_5,A119,"How is an RDA determined from an EAR, and what population goal does it serve?",[722],"[722, 722, 721]","[0.8013207912445068, 0.7461116313934326, 0.7141711115837097]",0.8013207912445068,True,1.0,2684,200.04508196721312
sentence_10_overlap_5,A120,How does Percent Daily Value help someone read a Nutrition Facts panel?,[727],"[727, 727, 727]","[0.7644033432006836, 0.7575225234031677, 0.7460616827011108]",0.7644033432006836,True,1.0,2684,200.04508196721312
sentence_10_overlap_5,A121,How do EAR and RDA differ?,"[722, 723]","[722, 722, 722]","[0.735038161277771, 0.6935343146324158, 0.6551812887191772]",0.735038161277771,True,1.0,2684,200.04508196721312
sentence_10_overlap_5,A122,List changes made to the updated Nutrition Facts label.,"[726, 727]","[726, 729, 726]","[0.8338218927383423, 0.7756972908973694, 0.7727791666984558]",0.8338218927383423,True,1.0,2684,200.04508196721312
sentence_10_overlap_5,A123,"A cracker label says 20 crackers equal one serving and the box contains 10 servings. If someone eats 40 crackers, how many servings did they eat?",[727],"[727, 726, 727]","[0.695070743560791, 0.6893105506896973, 0.670242190361023]",0.695070743560791,True,1.0,2684,200.04508196721312
sentence_10_overlap_5,A124,What temperature range is called the danger zone for bacterial growth?,[767],"[767, 767, 768]","[0.7461130023002625, 0.6364119052886963, 0.6317766308784485]",0.7461130023002625,True,1.0,2684,200.04508196721312
sentence_10_overlap_5,A125,What is a foodborne infection?,[766],"[766, 764, 766]","[0.8345876336097717, 0.8246220350265503, 0.8044106364250183]",0.8345876336097717,True,1.0,2684,200.04508196721312
sentence_10_overlap_5,A126,Why can cooked food left at room temperature for hours cause illness?,[771],"[771, 799, 799]","[0.8325563669204712, 0.7597101926803589, 0.7537698149681091]",0.8325563669204712,True,1.0,2684,200.04508196721312
sentence_10_overlap_5,A127,How do food infection and food intoxication differ?,"[766, 769]","[771, 769, 766]","[0.8028602004051208, 0.778108537197113, 0.7756726145744324]",0.8028602004051208,True,0.5,2684,200.04508196721312
sentence_10_overlap_5,A128,"List the four most important consumer steps for handling, preparing, and serving food safely.",[797],"[797, 797, 797]","[0.8090348243713379, 0.7035914063453674, 0.6937110424041748]",0.8090348243713379,True,1.0,2684,200.04508196721312
sentence_10_overlap_5,A129,"How do buying, storing, and preparing food safely work together to reduce foodborne illness risk?","[797, 798]","[797, 797, 787]","[0.7702969908714294, 0.7423557043075562, 0.7340801954269409]",0.7702969908714294,True,1.0,2684,200.04508196721312
sentence_10_overlap_5,A130,A family cooked dinner and has leftovers. What should they do to store the food safely?,"[797, 798]","[799, 799, 797]","[0.759765088558197, 0.7575105428695679, 0.7552598714828491]",0.759765088558197,True,0.3333333333333333,2684,200.04508196721312
sentence_10_overlap_5,A131,Can a person with excess body weight still be malnourished?,[853],"[853, 859, 856]","[0.7228888273239136, 0.7073018550872803, 0.6778494119644165]",0.7228888273239136,True,1.0,2684,200.04508196721312
sentence_10_overlap_5,A132,How common is food insecurity in Louisiana as described?,[860],"[860, 628, 22]","[0.8141363263130188, 0.7989121675491333, 0.7980579137802124]",0.8141363263130188,True,1.0,2684,200.04508196721312
sentence_10_overlap_5,A133,What education and credentialing steps are required to become a registered dietitian?,[866],"[866, 866, 866]","[0.7851673364639282, 0.7484413385391235, 0.7090384364128113]",0.7851673364639282,True,1.0,2684,200.04508196721312
sentence_10_overlap_5,A134,What is wellness?,[805],"[805, 805, 805]","[0.7310014963150024, 0.6314036250114441, 0.6260950565338135]",0.7310014963150024,True,1.0,2684,200.04508196721312
sentence_10_overlap_5,A135,Why is managing weight by only comparing calories in and calories out overly simplistic?,[815],"[815, 279, 698]","[0.7640380263328552, 0.7037948369979858, 0.6915903091430664]",0.7640380263328552,True,1.0,2684,200.04508196721312
sentence_10_overlap_5,A136,Why are chronic disease risk factors warning signs rather than guarantees?,[839],"[839, 839, 839]","[0.8516691327095032, 0.7974491119384766, 0.7743847370147705]",0.8516691327095032,True,1.0,2684,200.04508196721312
sentence_10_overlap_5,A137,How do undernutrition and overnutrition differ?,[853],"[853, 853, 860]","[0.8268186450004578, 0.7650408744812012, 0.7211582064628601]",0.8268186450004578,True,1.0,2684,200.04508196721312
sentence_10_overlap_5,A138,List groups described as being at risk of hunger or malnutrition.,[861],"[861, 861, 859]","[0.8349977731704712, 0.7781357765197754, 0.7608069181442261]",0.8349977731704712,True,1.0,2684,200.04508196721312
sentence_10_overlap_5,A139,How can disease and diet create a cycle that compromises nutrition and health?,[824],"[824, 839, 853]","[0.7885853052139282, 0.7365275025367737, 0.720855176448822]",0.7885853052139282,True,1.0,2684,200.04508196721312
sentence_10_overlap_5,A140,A student wants a career providing evidence-based nutrition care. How should they distinguish registered dietitians from nutritionists?,[866],"[866, 866, 866]","[0.8068329095840454, 0.7675209641456604, 0.7407902479171753]",0.8068329095840454,True,1.0,2684,200.04508196721312
sentence_8_overlap_4,A001,Which six classes of nutrients are required for the body to function and maintain overall health?,[4],"[4, 4, 10]","[0.8340219259262085, 0.7796159982681274, 0.7748924493789673]",0.8340219259262085,True,1.0,3258,171.10589318600367
sentence_8_overlap_4,A002,What is a macronutrient?,[5],"[5, 5, 5]","[0.788377583026886, 0.7373427152633667, 0.7363267540931702]",0.788377583026886,True,1.0,3258,171.10589318600367
sentence_8_overlap_4,A003,What does the term Calorie on a Nutrition Facts label actually represent?,"[264, 735, 726, 5]","[726, 727, 5]","[0.7604963183403015, 0.7527137994766235, 0.7506778240203857]",0.7604963183403015,True,1.0,3258,171.10589318600367
sentence_8_overlap_4,A004,Why is water considered a required macronutrient even though it does not provide energy?,"[5, 7]","[7, 5, 5]","[0.8100892901420593, 0.7860091924667358, 0.7756776213645935]",0.8100892901420593,True,1.0,3258,171.10589318600367
sentence_8_overlap_4,A005,Why are nutrient-dense foods considered higher-quality foods?,[13],"[13, 266, 554]","[0.8744027614593506, 0.8307651877403259, 0.7717771530151367]",0.8744027614593506,True,1.0,3258,171.10589318600367
sentence_8_overlap_4,A006,List the common metric prefixes and amounts used in nutrition measurement.,[16],"[16, 750, 726]","[0.805048942565918, 0.7006971836090088, 0.69406658411026]",0.805048942565918,True,1.0,3258,171.10589318600367
sentence_8_overlap_4,A007,How do dietary habits and other lifestyle factors work together to influence health?,[19],"[19, 19, 26]","[0.8230533003807068, 0.7852987051010132, 0.7520895600318909]",0.8230533003807068,True,1.0,3258,171.10589318600367
sentence_8_overlap_4,A008,What is an epidemiological study in nutrition research?,[26],"[26, 867, 26]","[0.7885873317718506, 0.7162418365478516, 0.7152957320213318]",0.7885873317718506,True,1.0,3258,171.10589318600367
sentence_8_overlap_4,A009,How do epidemiological studies and intervention clinical trials differ in what they can show?,[26],"[26, 26, 26]","[0.778538703918457, 0.718512773513794, 0.6765140295028687]",0.778538703918457,True,1.0,3258,171.10589318600367
sentence_8_overlap_4,A010,Why is one nutrition study usually not enough to make a guideline or recommendation?,[30],"[31, 756, 41]","[0.7383556365966797, 0.7369970679283142, 0.7141083478927612]",0.7383556365966797,False,0.0,3258,171.10589318600367
sentence_8_overlap_4,A011,Why should a reader trace nutrition news back to the original journal article when possible?,[32],"[32, 32, 31]","[0.7492830753326416, 0.7390349507331848, 0.7250761389732361]",0.7492830753326416,True,1.0,3258,171.10589318600367
sentence_8_overlap_4,A012,What are the ABCD methods used for nutritional assessment?,[27],"[27, 29, 26]","[0.820997953414917, 0.7339295148849487, 0.7128516435623169]",0.820997953414917,True,1.0,3258,171.10589318600367
sentence_8_overlap_4,A013,How does the history of iodine and goiter illustrate an evidence-based approach to nutrition?,"[39, 40, 41]","[39, 41, 39]","[0.8581567406654358, 0.8537865877151489, 0.7963841557502747]",0.8581567406654358,True,1.0,3258,171.10589318600367
sentence_8_overlap_4,A014,What is digestion?,[53],"[53, 53, 53]","[0.7712918519973755, 0.7675037384033203, 0.7547366619110107]",0.7712918519973755,True,1.0,3258,171.10589318600367
sentence_8_overlap_4,A015,List the hollow tube-shaped organs that make up the digestive system.,[53],"[53, 53, 49]","[0.7771264910697937, 0.7468712329864502, 0.6997969746589661]",0.7771264910697937,True,1.0,3258,171.10589318600367
sentence_8_overlap_4,A016,What is chyme?,[57],"[57, 57, 230]","[0.7151161432266235, 0.6045474410057068, 0.58594810962677]",0.7151161432266235,True,1.0,3258,171.10589318600367
sentence_8_overlap_4,A017,How does the structure of the small intestine maximize nutrient absorption?,[58],"[58, 58, 59]","[0.8757937550544739, 0.8540154695510864, 0.7761000990867615]",0.8757937550544739,True,1.0,3258,171.10589318600367
sentence_8_overlap_4,A018,Why is the urinary system important beyond simply removing wastes?,[86],"[86, 88, 88]","[0.7978641986846924, 0.7730792760848999, 0.7359063625335693]",0.7978641986846924,True,1.0,3258,171.10589318600367
sentence_8_overlap_4,A019,How are overweight and obesity different?,[103],"[294, 103, 105]","[0.7863184809684753, 0.7774001359939575, 0.7485633492469788]",0.7863184809684753,True,0.5,3258,171.10589318600367
sentence_8_overlap_4,A020,What components help the immune system defend the body?,[100],"[100, 51, 453]","[0.7642596960067749, 0.7465604543685913, 0.7222232222557068]",0.7642596960067749,True,1.0,3258,171.10589318600367
sentence_8_overlap_4,A021,How can poor nutrient intake increase infection risk through the immune system?,[100],"[100, 101, 100]","[0.8325668573379517, 0.7983717918395996, 0.7910304665565491]",0.8325668573379517,True,1.0,3258,171.10589318600367
sentence_8_overlap_4,A022,How does muscle energy storage differ from liver energy storage during activity?,[92],"[92, 137, 136]","[0.8125694990158081, 0.7964705228805542, 0.7715260982513428]",0.8125694990158081,True,1.0,3258,171.10589318600367
sentence_8_overlap_4,A023,What is the Recommended Dietary Allowance for carbohydrates for children and adults?,[149],"[149, 624, 149]","[0.817506730556488, 0.7651796340942383, 0.7520521283149719]",0.817506730556488,True,1.0,3258,171.10589318600367
sentence_8_overlap_4,A024,How are monosaccharides and disaccharides related within simple carbohydrates?,[117],"[117, 117, 117]","[0.812591552734375, 0.7959784269332886, 0.7791585922241211]",0.812591552734375,True,1.0,3258,171.10589318600367
sentence_8_overlap_4,A025,Why does chemical digestion of carbohydrates stop in the stomach?,[123],"[123, 126, 124]","[0.813683271408081, 0.7727671265602112, 0.7613810300827026]",0.813683271408081,True,1.0,3258,171.10589318600367
sentence_8_overlap_4,A026,"What is the glycemic index, and what factors can affect it?",[131],"[131, 131, 849]","[0.854709267616272, 0.7434747219085693, 0.7210357189178467]",0.854709267616272,True,1.0,3258,171.10589318600367
sentence_8_overlap_4,A027,How do added sugars differ from sugars naturally found in whole foods?,[141],"[141, 726, 153]","[0.826164186000824, 0.7760802507400513, 0.7751047611236572]",0.826164186000824,True,1.0,3258,171.10589318600367
sentence_8_overlap_4,A028,"How are carbohydrate digestion, blood glucose, insulin, glucagon, and glycogen connected after a meal and between meals?","[126, 127]","[126, 126, 124]","[0.8160126805305481, 0.7811076045036316, 0.7577947378158569]",0.8160126805305481,True,1.0,3258,171.10589318600367
sentence_8_overlap_4,A029,A person wants to choose a less refined bread and reduce added sugars. What label-based strategy should they use?,[151],"[151, 151, 211]","[0.749535083770752, 0.7168841361999512, 0.6861619353294373]",0.749535083770752,True,1.0,3258,171.10589318600367
sentence_8_overlap_4,A030,"Using a 2,000 kilocalorie diet and the 45–65% AMDR for carbohydrates, how many grams of carbohydrate should a person consume per day?",[149],"[149, 149, 639]","[0.8732963800430298, 0.8543273210525513, 0.8167546987533569]",0.8732963800430298,True,1.0,3258,171.10589318600367
sentence_8_overlap_4,A031,How many kilocalories does one gram of fat or oil provide?,[173],"[264, 264, 173]","[0.7888438105583191, 0.7609955072402954, 0.7595252990722656]",0.7888438105583191,True,0.3333333333333333,3258,171.10589318600367
sentence_8_overlap_4,A032,What percentage of total calories should fat provide for adults according to the AMDR?,"[657, 197, 643, 639]","[657, 657, 639]","[0.8231852054595947, 0.8225041627883911, 0.8197230696678162]",0.8231852054595947,True,1.0,3258,171.10589318600367
sentence_8_overlap_4,A033,What is a triglyceride?,[176],"[176, 176, 166]","[0.8127869367599487, 0.7659969329833984, 0.7486554980278015]",0.8127869367599487,True,1.0,3258,171.10589318600367
sentence_8_overlap_4,A034,How do dietary fats increase the bioavailability of certain micronutrients?,[170],"[170, 463, 170]","[0.8635208010673523, 0.8093124628067017, 0.8076279759407043]",0.8635208010673523,True,1.0,3258,171.10589318600367
sentence_8_overlap_4,A035,How do omega-6 and omega-3 fatty acids differ in their eicosanoid effects?,[182],"[182, 200, 182]","[0.8467707633972168, 0.82259601354599, 0.8184717297554016]",0.8467707633972168,True,1.0,3258,171.10589318600367
sentence_8_overlap_4,A036,How are LDL and HDL different in relation to blood cholesterol risk?,"[193, 194]","[192, 192, 194]","[0.8145190477371216, 0.7935670614242554, 0.7839874625205994]",0.8145190477371216,True,0.3333333333333333,3258,171.10589318600367
sentence_8_overlap_4,A037,List four dietary suggestions that can help improve a lipid profile.,[196],"[196, 197, 210]","[0.7855029702186584, 0.7592067718505859, 0.7547228336334229]",0.7855029702186584,True,1.0,3258,171.10589318600367
sentence_8_overlap_4,A038,How can hydrogenation of fats connect food processing to heart-health concerns?,"[202, 205]","[202, 202, 203]","[0.8184623718261719, 0.7823522090911865, 0.778640627861023]",0.8184623718261719,True,1.0,3258,171.10589318600367
sentence_8_overlap_4,A039,"How many amino acids are essential, nonessential, and total in human protein nutrition?",[220],"[220, 221, 220]","[0.8671153783798218, 0.8080495595932007, 0.799759030342102]",0.8671153783798218,True,1.0,3258,171.10589318600367
sentence_8_overlap_4,A040,What is protein?,[218],"[218, 218, 218]","[0.8604766130447388, 0.8441691398620605, 0.8415703177452087]",0.8604766130447388,True,1.0,3258,171.10589318600367
sentence_8_overlap_4,A041,How do proteins contribute to food structure and texture during cooking?,[226],"[226, 226, 228]","[0.8633497953414917, 0.8146571516990662, 0.7785272002220154]",0.8633497953414917,True,1.0,3258,171.10589318600367
sentence_8_overlap_4,A042,How do kwashiorkor and marasmus differ?,[243],"[243, 244, 273]","[0.8220624923706055, 0.7617943286895752, 0.7359412908554077]",0.8220624923706055,True,1.0,3258,171.10589318600367
sentence_8_overlap_4,A043,List several major functions of proteins in the body.,"[234, 235, 236, 237]","[233, 216, 218]","[0.8532677888870239, 0.8228928446769714, 0.8225100040435791]",0.8532677888870239,False,0.0,3258,171.10589318600367
sentence_8_overlap_4,A044,How is nitrogen balance used to determine appropriate protein intake?,[249],"[249, 249, 249]","[0.8680214285850525, 0.8527050018310547, 0.8284008502960205]",0.8680214285850525,True,1.0,3258,171.10589318600367
sentence_8_overlap_4,A045,A person wants to improve protein choices without increasing saturated fat. What options fit that goal?,"[210, 700, 207]","[747, 700, 207]","[0.7530802488327026, 0.7476077079772949, 0.7474888563156128]",0.7530802488327026,True,0.5,3258,171.10589318600367
sentence_8_overlap_4,A046,How much protein would a healthy 70 kg adult need using 0.8 g/kg body weight?,[249],"[249, 256, 256]","[0.7852562665939331, 0.762981116771698, 0.7523938417434692]",0.7852562665939331,True,1.0,3258,171.10589318600367
sentence_8_overlap_4,A047,"On packaged foods, what do the calories listed on the Nutrition Facts panel actually represent?",[265],"[726, 727, 735]","[0.7951362133026123, 0.7810391187667847, 0.7660317420959473]",0.7951362133026123,False,0.0,3258,171.10589318600367
sentence_8_overlap_4,A048,"When is body weight maintained, lost, or gained in relation to energy balance?",[279],"[279, 279, 36]","[0.7731221914291382, 0.759200394153595, 0.7504053711891174]",0.7731221914291382,True,1.0,3258,171.10589318600367
sentence_8_overlap_4,A049,What is the difference between potential energy and kinetic energy?,"[264, 268, 344]","[264, 264, 264]","[0.8344220519065857, 0.7439290285110474, 0.6878013610839844]",0.8344220519065857,True,1.0,3258,171.10589318600367
sentence_8_overlap_4,A050,What is an obesogenic environment?,[276],"[276, 276, 290]","[0.8088274002075195, 0.7658985257148743, 0.7257688045501709]",0.8088274002075195,True,1.0,3258,171.10589318600367
sentence_8_overlap_4,A051,How do positive and negative energy balance differ in their effects on body weight?,[279],"[278, 278, 818]","[0.7836562395095825, 0.7750614881515503, 0.7250069379806519]",0.7836562395095825,False,0.0,3258,171.10589318600367
sentence_8_overlap_4,A052,List national-level actions that can support obesity prevention or weight management.,[278],"[278, 277, 300]","[0.7485607862472534, 0.7324649691581726, 0.7294009327888489]",0.7485607862472534,True,1.0,3258,171.10589318600367
sentence_8_overlap_4,A053,"How do the hypothalamus, hunger, and satiety work together to regulate energy intake?",[285],"[285, 285, 286]","[0.8359391689300537, 0.8313024044036865, 0.8020422458648682]",0.8359391689300537,True,1.0,3258,171.10589318600367
sentence_8_overlap_4,A054,"If breakfast includes 150 calories from yogurt, 209 calories from granola, and 100 calories from orange juice, what is the total caloric intake?",[265],"[265, 748, 265]","[0.7722157835960388, 0.7721841335296631, 0.7721081972122192]",0.7722157835960388,True,1.0,3258,171.10589318600367
sentence_8_overlap_4,A055,How is binge drinking defined for men and women?,[306],"[306, 306, 646]","[0.7785865068435669, 0.7050604224205017, 0.6965708136558533]",0.7785865068435669,True,1.0,3258,171.10589318600367
sentence_8_overlap_4,A056,Why is taking acetaminophen after drinking alcohol risky?,[312],"[312, 312, 314]","[0.7417770624160767, 0.7205907106399536, 0.7083377838134766]",0.7417770624160767,True,1.0,3258,171.10589318600367
sentence_8_overlap_4,A057,"How do beer, wine, and hard liquor differ in calorie content and nutrient contribution?",[311],"[311, 314, 314]","[0.8333634734153748, 0.7930115461349487, 0.7434203624725342]",0.8333634734153748,True,1.0,3258,171.10589318600367
sentence_8_overlap_4,A058,List the three most common forms of alcoholic liver disease.,[316],"[316, 315, 315]","[0.8458651900291443, 0.790727972984314, 0.7653542757034302]",0.8458651900291443,True,1.0,3258,171.10589318600367
sentence_8_overlap_4,A059,What adequate intake values are given for total water for adult males and females?,[337],"[337, 336, 326]","[0.8253607749938965, 0.75803142786026, 0.7459349632263184]",0.8253607749938965,True,1.0,3258,171.10589318600367
sentence_8_overlap_4,A060,What is an electrolyte?,[327],"[327, 344, 327]","[0.7831599116325378, 0.7328259944915771, 0.7228243350982666]",0.7831599116325378,True,1.0,3258,171.10589318600367
sentence_8_overlap_4,A061,Why is water considered the most critical nutrient?,[331],"[7, 331, 7]","[0.7559698820114136, 0.7381280064582825, 0.7257252931594849]",0.7559698820114136,True,0.5,3258,171.10589318600367
sentence_8_overlap_4,A062,How does dehydration affect blood volume and cells?,[365],"[365, 365, 329]","[0.8315837383270264, 0.8011112213134766, 0.7534350156784058]",0.8315837383270264,True,1.0,3258,171.10589318600367
sentence_8_overlap_4,A063,How do cations and anions differ in body fluids?,[327],"[327, 328, 329]","[0.7596837282180786, 0.7280948162078857, 0.7115913033485413]",0.7596837282180786,True,1.0,3258,171.10589318600367
sentence_8_overlap_4,A064,List examples of foods with very high water content.,[338],"[767, 767, 338]","[0.7800581455230713, 0.7559263110160828, 0.7545793056488037]",0.7800581455230713,True,0.3333333333333333,3258,171.10589318600367
sentence_8_overlap_4,A065,"How are potassium, aldosterone, and nerve impulses connected?",[362],"[362, 362, 362]","[0.8181266784667969, 0.7523187398910522, 0.7508516311645508]",0.8181266784667969,True,1.0,3258,171.10589318600367
sentence_8_overlap_4,A066,A person wants a beverage that helps avoid weight gain. What general label-based guidance applies?,[371],"[371, 371, 373]","[0.7468622326850891, 0.7423389554023743, 0.7104483842849731]",0.7468622326850891,True,1.0,3258,171.10589318600367
sentence_8_overlap_4,A067,What are the adult RDA and adult UL for vitamin E?,[404],"[404, 395, 407]","[0.7483229041099548, 0.6995160579681396, 0.6934975385665894]",0.7483229041099548,True,1.0,3258,171.10589318600367
sentence_8_overlap_4,A068,What vitamin D supplement dose range was linked to lower fracture incidence in a review of clinical trials?,[399],"[399, 399, 399]","[0.7925403118133545, 0.7833751440048218, 0.7511918544769287]",0.7925403118133545,True,1.0,3258,171.10589318600367
sentence_8_overlap_4,A069,What is vitamin A?,[390],"[390, 390, 395]","[0.8288921117782593, 0.8119380474090576, 0.7950708866119385]",0.8288921117782593,True,1.0,3258,171.10589318600367
sentence_8_overlap_4,A070,Why can vitamin A deficiency cause night blindness?,[391],"[391, 391, 390]","[0.8698118925094604, 0.8197877407073975, 0.7877000570297241]",0.8698118925094604,True,1.0,3258,171.10589318600367
sentence_8_overlap_4,A071,How do water-soluble vitamins support energy metabolism?,[411],"[411, 443, 9]","[0.850312352180481, 0.799992561340332, 0.7950553894042969]",0.850312352180481,True,1.0,3258,171.10589318600367
sentence_8_overlap_4,A072,How do fat-soluble vitamins and water-soluble vitamins differ in the roles described?,"[390, 411]","[387, 9, 386]","[0.8462553024291992, 0.8162887096405029, 0.8145386576652527]",0.8462553024291992,False,0.0,3258,171.10589318600367
sentence_8_overlap_4,A073,List health problems associated with vitamin D deficiency in children and adults.,[398],"[398, 398, 399]","[0.7927858829498291, 0.7882285118103027, 0.7810013890266418]",0.7927858829498291,True,1.0,3258,171.10589318600367
sentence_8_overlap_4,A074,How should the relationship between micronutrient deficiency and disease be interpreted for vitamin A?,[393],"[393, 392, 393]","[0.8051168918609619, 0.7817423939704895, 0.7622960209846497]",0.8051168918609619,True,1.0,3258,171.10589318600367
sentence_8_overlap_4,A075,How does vitamin C act as an antioxidant and support body tissues?,[412],"[412, 412, 413]","[0.8639910221099854, 0.7915171384811401, 0.7745646238327026]",0.8639910221099854,True,1.0,3258,171.10589318600367
sentence_8_overlap_4,A076,A person is considering very high-dose vitamin E supplements. What caution is supported?,[404],"[402, 403, 404]","[0.740297257900238, 0.7377497553825378, 0.7223429083824158]",0.740297257900238,True,0.3333333333333333,3258,171.10589318600367
sentence_8_overlap_4,A077,Where is most calcium stored in the human body?,[465],"[465, 474, 470]","[0.8348839282989502, 0.7424436211585999, 0.716963529586792]",0.8348839282989502,True,1.0,3258,171.10589318600367
sentence_8_overlap_4,A078,What is phosphorus present as in the body?,[477],"[477, 477, 61]","[0.8558284044265747, 0.7443987131118774, 0.7259473204612732]",0.8558284044265747,True,1.0,3258,171.10589318600367
sentence_8_overlap_4,A079,Why can low calcium intake weaken bones even when blood calcium remains controlled?,[465],"[465, 465, 465]","[0.7976443767547607, 0.7810988426208496, 0.7686468362808228]",0.7976443767547607,True,1.0,3258,171.10589318600367
sentence_8_overlap_4,A080,How do calcium carbonate and calcium citrate differ as supplement choices?,[470],"[470, 470, 470]","[0.8202157616615295, 0.7525612115859985, 0.7253668308258057]",0.8202157616615295,True,1.0,3258,171.10589318600367
sentence_8_overlap_4,A081,"How are magnesium, vitamin D activation, parathyroid hormone, and bone density connected?",[483],"[483, 483, 397]","[0.7855697870254517, 0.7595651745796204, 0.7566261887550354]",0.7855697870254517,True,1.0,3258,171.10589318600367
sentence_8_overlap_4,A082,"How does phosphorus connect cell structure, genetic material, energy production, and bones?",[477],"[477, 265, 97]","[0.7521372437477112, 0.7240204215049744, 0.7022406458854675]",0.7521372437477112,True,1.0,3258,171.10589318600367
sentence_8_overlap_4,A083,What percentage reduction in cavities did water fluoridation prevent on average in children?,[527],"[527, 527, 528]","[0.8527786731719971, 0.8381637334823608, 0.7512046098709106]",0.8527786731719971,True,1.0,3258,171.10589318600367
sentence_8_overlap_4,A084,What are trace minerals?,[494],"[494, 494, 9]","[0.795159101486206, 0.7438017725944519, 0.7435383796691895]",0.795159101486206,True,1.0,3258,171.10589318600367
sentence_8_overlap_4,A085,How does vitamin C affect iron absorption from plant-based meals?,[498],"[498, 501, 463]","[0.8526847958564758, 0.8457051515579224, 0.8266826868057251]",0.8526847958564758,True,1.0,3258,171.10589318600367
sentence_8_overlap_4,A086,How do heme and nonheme iron differ in bioavailability and food sources?,[498],"[498, 555, 498]","[0.8403225541114807, 0.7927097082138062, 0.7800517082214355]",0.8403225541114807,True,1.0,3258,171.10589318600367
sentence_8_overlap_4,A087,List signs or consequences of severe zinc deficiency.,[507],"[504, 507, 507]","[0.7535120248794556, 0.7346295118331909, 0.7306919693946838]",0.7535120248794556,True,0.5,3258,171.10589318600367
sentence_8_overlap_4,A088,"How can iodine deficiency affect the thyroid, metabolism, growth, and brain development?",[515],"[515, 515, 39]","[0.8564589619636536, 0.8467077016830444, 0.7281975150108337]",0.8564589619636536,True,1.0,3258,171.10589318600367
sentence_8_overlap_4,A089,How does selenium work with other antioxidants and thyroid-related functions?,[510],"[510, 510, 511]","[0.8441672325134277, 0.7994061708450317, 0.7533924579620361]",0.8441672325134277,True,1.0,3258,171.10589318600367
sentence_8_overlap_4,A090,"How much folic acid should women of childbearing age get daily from fortified foods, supplements, or both?",[546],"[546, 436, 711]","[0.8604949712753296, 0.7918317317962646, 0.7897970676422119]",0.8604949712753296,True,1.0,3258,171.10589318600367
sentence_8_overlap_4,A091,What is colostrum?,[586],"[586, 587, 587]","[0.8106484413146973, 0.7452062964439392, 0.7383625507354736]",0.8106484413146973,True,1.0,3258,171.10589318600367
sentence_8_overlap_4,A092,Why is good nutrition important during pregnancy?,[544],"[544, 554, 554]","[0.8479584455490112, 0.8095704913139343, 0.7984120845794678]",0.8479584455490112,True,1.0,3258,171.10589318600367
sentence_8_overlap_4,A093,Why do choline needs increase during pregnancy and lactation?,[556],"[556, 556, 556]","[0.8531230688095093, 0.8069218993186951, 0.777405858039856]",0.8531230688095093,True,1.0,3258,171.10589318600367
sentence_8_overlap_4,A094,How do recommended pregnancy weight-gain ranges differ for normal-weight and obese prepregnancy BMI categories?,[547],"[547, 548, 548]","[0.854293942451477, 0.8449063301086426, 0.8054125308990479]",0.854293942451477,True,1.0,3258,171.10589318600367
sentence_8_overlap_4,A095,List food-handling measures that reduce contamination risk during pregnancy or breastfeeding.,[560],"[560, 560, 797]","[0.8054234981536865, 0.7598419189453125, 0.7283016443252563]",0.8054234981536865,True,1.0,3258,171.10589318600367
sentence_8_overlap_4,A096,A pregnant person wants seafood but is concerned about methylmercury. What choices and limits are supported?,[561],"[561, 561, 554]","[0.8583889007568359, 0.7681224346160889, 0.7298368811607361]",0.8583889007568359,True,1.0,3258,171.10589318600367
sentence_8_overlap_4,A097,"Using the estimate of 40 calories per inch of height, how many calories would a 32-inch toddler need per day?",[607],"[607, 608, 608]","[0.8377854824066162, 0.7870663404464722, 0.7445544600486755]",0.8377854824066162,True,1.0,3258,171.10589318600367
sentence_8_overlap_4,A098,"What ages define early, middle, and late childhood?",[622],"[622, 622, 660]","[0.8284151554107666, 0.8023555278778076, 0.7251769304275513]",0.8284151554107666,True,1.0,3258,171.10589318600367
sentence_8_overlap_4,A099,Why is a healthy diet important for school-aged children?,[623],"[627, 630, 714]","[0.7760462760925293, 0.7409532070159912, 0.7376261949539185]",0.7760462760925293,False,0.0,3258,171.10589318600367
sentence_8_overlap_4,A100,How do early adolescence and late adolescence differ in growth and independence?,"[638, 642, 620]","[642, 622, 638]","[0.8192102313041687, 0.7225906848907471, 0.7185715436935425]",0.8192102313041687,True,1.0,3258,171.10589318600367
sentence_8_overlap_4,A101,List important micronutrients for children and adolescents and why they matter.,"[625, 639]","[644, 639, 625]","[0.8407407402992249, 0.8189331293106079, 0.7933179140090942]",0.8407407402992249,True,0.5,3258,171.10589318600367
sentence_8_overlap_4,A102,"How can food insecurity in childhood affect growth and development, and what programs address it?",[628],"[628, 861, 623]","[0.7963833212852478, 0.7689660787582397, 0.7568473219871521]",0.7963833212852478,True,1.0,3258,171.10589318600367
sentence_8_overlap_4,A103,A teenager often skips meals and buys convenience-store snacks. What nutrition guidance fits this life stage?,"[642, 643]","[642, 643, 642]","[0.7648780345916748, 0.7364324331283569, 0.6878699064254761]",0.7648780345916748,True,1.0,3258,171.10589318600367
sentence_8_overlap_4,A104,What daily energy ranges are given for women and men ages nineteen to thirty?,[657],"[657, 281, 657]","[0.7345472574234009, 0.7172060012817383, 0.7156034708023071]",0.7345472574234009,True,1.0,3258,171.10589318600367
sentence_8_overlap_4,A105,What is middle age?,[660],"[660, 539, 660]","[0.8390361070632935, 0.7248251438140869, 0.7196230292320251]",0.8390361070632935,True,1.0,3258,171.10589318600367
sentence_8_overlap_4,A106,Why do older adults face special nutrition concerns?,[666],"[668, 667, 669]","[0.833740770816803, 0.7974653840065002, 0.7825050354003906]",0.833740770816803,False,0.0,3258,171.10589318600367
sentence_8_overlap_4,A107,How do macronutrient recommendations in middle age compare with young adulthood?,[661],"[661, 644, 661]","[0.793311595916748, 0.7815504670143127, 0.7813424468040466]",0.793311595916748,True,1.0,3258,171.10589318600367
sentence_8_overlap_4,A108,How can aging-related stomach acid changes affect vitamin B12 status and brain health?,[668],"[668, 438, 438]","[0.8164550065994263, 0.7732104659080505, 0.7563738822937012]",0.8164550065994263,True,1.0,3258,171.10589318600367
sentence_8_overlap_4,A109,An older adult has difficulty swallowing after neurological problems. What food-texture strategy is supported?,[669],"[669, 667, 668]","[0.7534259557723999, 0.7197444438934326, 0.7105927467346191]",0.7534259557723999,True,1.0,3258,171.10589318600367
sentence_8_overlap_4,A110,What protein intake range is recommended for athletes?,[700],"[700, 256, 700]","[0.8612068891525269, 0.8490458130836487, 0.830966591835022]",0.8612068891525269,True,1.0,3258,171.10589318600367
sentence_8_overlap_4,A111,Why does aerobic training improve cardiorespiratory endurance?,[680],"[680, 680, 680]","[0.8496813774108887, 0.7903902530670166, 0.7325170040130615]",0.8496813774108887,True,1.0,3258,171.10589318600367
sentence_8_overlap_4,A112,How do anaerobic and aerobic metabolism differ during physical activity?,[691],"[691, 692, 693]","[0.8488469123840332, 0.823478102684021, 0.8016389608383179]",0.8488469123840332,True,1.0,3258,171.10589318600367
sentence_8_overlap_4,A113,List physical and mental benefits of regular physical activity.,[687],"[687, 688, 688]","[0.8728997707366943, 0.8419039845466614, 0.8062199354171753]",0.8728997707366943,True,1.0,3258,171.10589318600367
sentence_8_overlap_4,A114,How can dehydration reduce exercise performance and raise heat-illness risk?,"[706, 707]","[707, 706, 706]","[0.844039261341095, 0.8322138786315918, 0.8028794527053833]",0.844039261341095,True,1.0,3258,171.10589318600367
sentence_8_overlap_4,A115,An endurance athlete trains one to three hours per day at moderate to high intensity. What carbohydrate intake range is appropriate?,[699],"[699, 699, 697]","[0.7992980480194092, 0.7911834716796875, 0.778818666934967]",0.7992980480194092,True,1.0,3258,171.10589318600367
sentence_8_overlap_4,A116,"What are the AMDR ranges for adults for protein, carbohydrates, and fat?",[724],"[657, 639, 724]","[0.8319961428642273, 0.8197174072265625, 0.799856960773468]",0.8319961428642273,True,0.3333333333333333,3258,171.10589318600367
sentence_8_overlap_4,A117,"What is the updated Daily Value for sodium on a 2,000-calorie diet?",[728],"[349, 349, 349]","[0.7745311856269836, 0.7653197050094604, 0.7626101970672607]",0.7745311856269836,False,0.0,3258,171.10589318600367
sentence_8_overlap_4,A118,What are Dietary Reference Intakes?,[721],"[721, 280, 657]","[0.8356999754905701, 0.8272980451583862, 0.8259999752044678]",0.8356999754905701,True,1.0,3258,171.10589318600367
sentence_8_overlap_4,A119,"How is an RDA determined from an EAR, and what population goal does it serve?",[722],"[722, 722, 721]","[0.7859574556350708, 0.7845532894134521, 0.7429845333099365]",0.7859574556350708,True,1.0,3258,171.10589318600367
sentence_8_overlap_4,A120,How does Percent Daily Value help someone read a Nutrition Facts panel?,[727],"[727, 727, 727]","[0.8158069849014282, 0.7623841762542725, 0.7401006817817688]",0.8158069849014282,True,1.0,3258,171.10589318600367
sentence_8_overlap_4,A121,How do EAR and RDA differ?,"[722, 723]","[722, 722, 722]","[0.7064303159713745, 0.7019286751747131, 0.6752822399139404]",0.7064303159713745,True,1.0,3258,171.10589318600367
sentence_8_overlap_4,A122,List changes made to the updated Nutrition Facts label.,"[726, 727]","[726, 729, 730]","[0.8224362134933472, 0.7816857099533081, 0.7799036502838135]",0.8224362134933472,True,1.0,3258,171.10589318600367
sentence_8_overlap_4,A123,"A cracker label says 20 crackers equal one serving and the box contains 10 servings. If someone eats 40 crackers, how many servings did they eat?",[727],"[727, 726, 727]","[0.717792272567749, 0.6893105506896973, 0.6768909096717834]",0.717792272567749,True,1.0,3258,171.10589318600367
sentence_8_overlap_4,A124,What temperature range is called the danger zone for bacterial growth?,[767],"[767, 767, 768]","[0.7475579977035522, 0.717342734336853, 0.6317766308784485]",0.7475579977035522,True,1.0,3258,171.10589318600367
sentence_8_overlap_4,A125,What is a foodborne infection?,[766],"[764, 766, 766]","[0.821917712688446, 0.8125556111335754, 0.8025652170181274]",0.821917712688446,True,0.5,3258,171.10589318600367
sentence_8_overlap_4,A126,Why can cooked food left at room temperature for hours cause illness?,[771],"[771, 799, 799]","[0.8011168241500854, 0.7589892148971558, 0.745445966720581]",0.8011168241500854,True,1.0,3258,171.10589318600367
sentence_8_overlap_4,A127,How do food infection and food intoxication differ?,"[766, 769]","[771, 771, 769]","[0.802415132522583, 0.7890834808349609, 0.7866665124893188]",0.802415132522583,True,0.3333333333333333,3258,171.10589318600367
sentence_8_overlap_4,A128,"List the four most important consumer steps for handling, preparing, and serving food safely.",[797],"[797, 797, 560]","[0.8555157780647278, 0.8114023208618164, 0.7237548828125]",0.8555157780647278,True,1.0,3258,171.10589318600367
sentence_8_overlap_4,A129,"How do buying, storing, and preparing food safely work together to reduce foodborne illness risk?","[797, 798]","[797, 797, 797]","[0.7616664171218872, 0.7423291206359863, 0.7370666861534119]",0.7616664171218872,True,1.0,3258,171.10589318600367
sentence_8_overlap_4,A130,A family cooked dinner and has leftovers. What should they do to store the food safely?,"[797, 798]","[799, 797, 797]","[0.7549148797988892, 0.7475731372833252, 0.723548948764801]",0.7549148797988892,True,0.5,3258,171.10589318600367
sentence_8_overlap_4,A131,Can a person with excess body weight still be malnourished?,[853],"[853, 859, 835]","[0.7245895862579346, 0.687218189239502, 0.681200385093689]",0.7245895862579346,True,1.0,3258,171.10589318600367
sentence_8_overlap_4,A132,How common is food insecurity in Louisiana as described?,[860],"[628, 860, 628]","[0.8377467393875122, 0.8213986158370972, 0.7999049425125122]",0.8377467393875122,True,0.5,3258,171.10589318600367
sentence_8_overlap_4,A133,What education and credentialing steps are required to become a registered dietitian?,[866],"[866, 866, 866]","[0.7720426321029663, 0.7371279001235962, 0.7356865406036377]",0.7720426321029663,True,1.0,3258,171.10589318600367
sentence_8_overlap_4,A134,What is wellness?,[805],"[805, 805, 661]","[0.7564771771430969, 0.6758043766021729, 0.6629757881164551]",0.7564771771430969,True,1.0,3258,171.10589318600367
sentence_8_overlap_4,A135,Why is managing weight by only comparing calories in and calories out overly simplistic?,[815],"[815, 371, 35]","[0.7700939774513245, 0.7026301622390747, 0.6993812918663025]",0.7700939774513245,True,1.0,3258,171.10589318600367
sentence_8_overlap_4,A136,Why are chronic disease risk factors warning signs rather than guarantees?,[839],"[839, 839, 839]","[0.8442490696907043, 0.837950587272644, 0.7685208320617676]",0.8442490696907043,True,1.0,3258,171.10589318600367
sentence_8_overlap_4,A137,How do undernutrition and overnutrition differ?,[853],"[853, 853, 84]","[0.8369961977005005, 0.8056042194366455, 0.7406534552574158]",0.8369961977005005,True,1.0,3258,171.10589318600367
sentence_8_overlap_4,A138,List groups described as being at risk of hunger or malnutrition.,[861],"[861, 859, 861]","[0.8343998193740845, 0.7598607540130615, 0.7497920989990234]",0.8343998193740845,True,1.0,3258,171.10589318600367
sentence_8_overlap_4,A139,How can disease and diet create a cycle that compromises nutrition and health?,[824],"[824, 818, 839]","[0.7994016408920288, 0.7237660884857178, 0.722103476524353]",0.7994016408920288,True,1.0,3258,171.10589318600367
sentence_8_overlap_4,A140,A student wants a career providing evidence-based nutrition care. How should they distinguish registered dietitians from nutritionists?,[866],"[866, 866, 866]","[0.8112008571624756, 0.7923933863639832, 0.7509026527404785]",0.8112008571624756,True,1.0,3258,171.10589318600367
sentence_6_overlap_3,A001,Which six classes of nutrients are required for the body to function and maintain overall health?,[4],"[4, 4, 61]","[0.8537364602088928, 0.7971398234367371, 0.7921803593635559]",0.8537364602088928,True,1.0,4192,137.9799021946565
sentence_6_overlap_3,A002,What is a macronutrient?,[5],"[5, 860, 5]","[0.7912077307701111, 0.7381479740142822, 0.7326667904853821]",0.7912077307701111,True,1.0,4192,137.9799021946565
sentence_6_overlap_3,A003,What does the term Calorie on a Nutrition Facts label actually represent?,"[264, 735, 726, 5]","[5, 726, 264]","[0.7750500440597534, 0.7513631582260132, 0.7443901896476746]",0.7750500440597534,True,1.0,4192,137.9799021946565
sentence_6_overlap_3,A004,Why is water considered a required macronutrient even though it does not provide energy?,"[5, 7]","[5, 7, 5]","[0.8148658275604248, 0.8017416000366211, 0.7711066007614136]",0.8148658275604248,True,1.0,4192,137.9799021946565
sentence_6_overlap_3,A005,Why are nutrient-dense foods considered higher-quality foods?,[13],"[266, 13, 13]","[0.8694583177566528, 0.8332618474960327, 0.822059154510498]",0.8694583177566528,True,0.5,4192,137.9799021946565
sentence_6_overlap_3,A006,List the common metric prefixes and amounts used in nutrition measurement.,[16],"[16, 5, 644]","[0.805048942565918, 0.7014144659042358, 0.6945151090621948]",0.805048942565918,True,1.0,4192,137.9799021946565
sentence_6_overlap_3,A007,How do dietary habits and other lifestyle factors work together to influence health?,[19],"[19, 19, 22]","[0.8144271373748779, 0.7969976663589478, 0.7601912617683411]",0.8144271373748779,True,1.0,4192,137.9799021946565
sentence_6_overlap_3,A008,What is an epidemiological study in nutrition research?,[26],"[26, 26, 291]","[0.7974752187728882, 0.7788586616516113, 0.7322776317596436]",0.7974752187728882,True,1.0,4192,137.9799021946565
sentence_6_overlap_3,A009,How do epidemiological studies and intervention clinical trials differ in what they can show?,[26],"[26, 26, 26]","[0.7676283717155457, 0.7643428444862366, 0.7305094599723816]",0.7676283717155457,True,1.0,4192,137.9799021946565
sentence_6_overlap_3,A010,Why is one nutrition study usually not enough to make a guideline or recommendation?,[30],"[756, 30, 31]","[0.7444132566452026, 0.7349022030830383, 0.7301526665687561]",0.7444132566452026,True,0.5,4192,137.9799021946565
sentence_6_overlap_3,A011,Why should a reader trace nutrition news back to the original journal article when possible?,[32],"[32, 32, 31]","[0.7934139370918274, 0.7516767978668213, 0.7441692352294922]",0.7934139370918274,True,1.0,4192,137.9799021946565
sentence_6_overlap_3,A012,What are the ABCD methods used for nutritional assessment?,[27],"[27, 29, 29]","[0.8286886215209961, 0.7311199307441711, 0.7245882749557495]",0.8286886215209961,True,1.0,4192,137.9799021946565
sentence_6_overlap_3,A013,How does the history of iodine and goiter illustrate an evidence-based approach to nutrition?,"[39, 40, 41]","[39, 41, 41]","[0.8567718267440796, 0.8559176921844482, 0.791500449180603]",0.8567718267440796,True,1.0,4192,137.9799021946565
sentence_6_overlap_3,A014,What is digestion?,[53],"[53, 53, 53]","[0.7574853897094727, 0.7535692453384399, 0.7475166320800781]",0.7574853897094727,True,1.0,4192,137.9799021946565
sentence_6_overlap_3,A015,List the hollow tube-shaped organs that make up the digestive system.,[53],"[53, 53, 49]","[0.7692291736602783, 0.7213323712348938, 0.6997970342636108]",0.7692291736602783,True,1.0,4192,137.9799021946565
sentence_6_overlap_3,A016,What is chyme?,[57],"[57, 57, 230]","[0.7301405668258667, 0.5974889993667603, 0.577374279499054]",0.7301405668258667,True,1.0,4192,137.9799021946565
sentence_6_overlap_3,A017,How does the structure of the small intestine maximize nutrient absorption?,[58],"[58, 58, 58]","[0.8611570000648499, 0.8456404209136963, 0.8025450706481934]",0.8611570000648499,True,1.0,4192,137.9799021946565
sentence_6_overlap_3,A018,Why is the urinary system important beyond simply removing wastes?,[86],"[86, 88, 88]","[0.820962131023407, 0.7983618378639221, 0.761664628982544]",0.820962131023407,True,1.0,4192,137.9799021946565
sentence_6_overlap_3,A019,How are overweight and obesity different?,[103],"[103, 294, 294]","[0.7806557416915894, 0.7646982669830322, 0.7582502365112305]",0.7806557416915894,True,1.0,4192,137.9799021946565
sentence_6_overlap_3,A020,What components help the immune system defend the body?,[100],"[100, 100, 51]","[0.771446704864502, 0.7542286515235901, 0.7465603947639465]",0.771446704864502,True,1.0,4192,137.9799021946565
sentence_6_overlap_3,A021,How can poor nutrient intake increase infection risk through the immune system?,[100],"[100, 100, 101]","[0.8343338370323181, 0.8115960359573364, 0.7753774523735046]",0.8343338370323181,True,1.0,4192,137.9799021946565
sentence_6_overlap_3,A022,How does muscle energy storage differ from liver energy storage during activity?,[92],"[92, 137, 282]","[0.8111684322357178, 0.7906322479248047, 0.7611927390098572]",0.8111684322357178,True,1.0,4192,137.9799021946565
sentence_6_overlap_3,A023,What is the Recommended Dietary Allowance for carbohydrates for children and adults?,[149],"[149, 624, 139]","[0.8139375448226929, 0.7882028818130493, 0.750554084777832]",0.8139375448226929,True,1.0,4192,137.9799021946565
sentence_6_overlap_3,A024,How are monosaccharides and disaccharides related within simple carbohydrates?,[117],"[117, 119, 117]","[0.8199750781059265, 0.7899545431137085, 0.7898117303848267]",0.8199750781059265,True,1.0,4192,137.9799021946565
sentence_6_overlap_3,A025,Why does chemical digestion of carbohydrates stop in the stomach?,[123],"[123, 5, 126]","[0.8368405103683472, 0.7832783460617065, 0.772864580154419]",0.8368405103683472,True,1.0,4192,137.9799021946565
sentence_6_overlap_3,A026,"What is the glycemic index, and what factors can affect it?",[131],"[131, 131, 129]","[0.8580636978149414, 0.7518503069877625, 0.7491858601570129]",0.8580636978149414,True,1.0,4192,137.9799021946565
sentence_6_overlap_3,A027,How do added sugars differ from sugars naturally found in whole foods?,[141],"[141, 726, 141]","[0.8035593032836914, 0.7808274626731873, 0.775284469127655]",0.8035593032836914,True,1.0,4192,137.9799021946565
sentence_6_overlap_3,A028,"How are carbohydrate digestion, blood glucose, insulin, glucagon, and glycogen connected after a meal and between meals?","[126, 127]","[126, 235, 5]","[0.8097082376480103, 0.7734506726264954, 0.7682482600212097]",0.8097082376480103,True,1.0,4192,137.9799021946565
sentence_6_overlap_3,A029,A person wants to choose a less refined bread and reduce added sugars. What label-based strategy should they use?,[151],"[151, 151, 151]","[0.6969914436340332, 0.6958455443382263, 0.6823052167892456]",0.6969914436340332,True,1.0,4192,137.9799021946565
sentence_6_overlap_3,A030,"Using a 2,000 kilocalorie diet and the 45–65% AMDR for carbohydrates, how many grams of carbohydrate should a person consume per day?",[149],"[149, 149, 639]","[0.8767567276954651, 0.8550018072128296, 0.8144915103912354]",0.8767567276954651,True,1.0,4192,137.9799021946565
sentence_6_overlap_3,A031,How many kilocalories does one gram of fat or oil provide?,[173],"[173, 727, 264]","[0.8248426914215088, 0.7948293685913086, 0.7852806448936462]",0.8248426914215088,True,1.0,4192,137.9799021946565
sentence_6_overlap_3,A032,What percentage of total calories should fat provide for adults according to the AMDR?,"[657, 197, 643, 639]","[657, 657, 643]","[0.8569931387901306, 0.8230970501899719, 0.8221492171287537]",0.8569931387901306,True,1.0,4192,137.9799021946565
sentence_6_overlap_3,A033,What is a triglyceride?,[176],"[176, 166, 176]","[0.8054097890853882, 0.7844722270965576, 0.7688413858413696]",0.8054097890853882,True,1.0,4192,137.9799021946565
sentence_6_overlap_3,A034,How do dietary fats increase the bioavailability of certain micronutrients?,[170],"[170, 170, 463]","[0.8200340270996094, 0.8012469410896301, 0.7941495180130005]",0.8200340270996094,True,1.0,4192,137.9799021946565
sentence_6_overlap_3,A035,How do omega-6 and omega-3 fatty acids differ in their eicosanoid effects?,[182],"[182, 182, 200]","[0.8591209650039673, 0.8188667297363281, 0.8061021566390991]",0.8591209650039673,True,1.0,4192,137.9799021946565
sentence_6_overlap_3,A036,How are LDL and HDL different in relation to blood cholesterol risk?,"[193, 194]","[192, 192, 192]","[0.8085176944732666, 0.7999069094657898, 0.7888799905776978]",0.8085176944732666,False,0.0,4192,137.9799021946565
sentence_6_overlap_3,A037,List four dietary suggestions that can help improve a lipid profile.,[196],"[196, 841, 210]","[0.7808023691177368, 0.7530403137207031, 0.7470632791519165]",0.7808023691177368,True,1.0,4192,137.9799021946565
sentence_6_overlap_3,A038,How can hydrogenation of fats connect food processing to heart-health concerns?,"[202, 205]","[202, 202, 180]","[0.8237809538841248, 0.7964411377906799, 0.7767906188964844]",0.8237809538841248,True,1.0,4192,137.9799021946565
sentence_6_overlap_3,A039,"How many amino acids are essential, nonessential, and total in human protein nutrition?",[220],"[220, 221, 220]","[0.850623607635498, 0.8158383369445801, 0.8007300496101379]",0.850623607635498,True,1.0,4192,137.9799021946565
sentence_6_overlap_3,A040,What is protein?,[218],"[218, 6, 218]","[0.8621523380279541, 0.8478468656539917, 0.8446133136749268]",0.8621523380279541,True,1.0,4192,137.9799021946565
sentence_6_overlap_3,A041,How do proteins contribute to food structure and texture during cooking?,[226],"[226, 226, 227]","[0.8569887280464172, 0.7969316840171814, 0.7885098457336426]",0.8569887280464172,True,1.0,4192,137.9799021946565
sentence_6_overlap_3,A042,How do kwashiorkor and marasmus differ?,[243],"[243, 244, 242]","[0.8298745155334473, 0.7702770233154297, 0.7682167887687683]",0.8298745155334473,True,1.0,4192,137.9799021946565
sentence_6_overlap_3,A043,List several major functions of proteins in the body.,"[234, 235, 236, 237]","[233, 216, 218]","[0.8532677888870239, 0.8228929042816162, 0.8107093572616577]",0.8532677888870239,False,0.0,4192,137.9799021946565
sentence_6_overlap_3,A044,How is nitrogen balance used to determine appropriate protein intake?,[249],"[249, 249, 249]","[0.8616871237754822, 0.8510223031044006, 0.8225671052932739]",0.8616871237754822,True,1.0,4192,137.9799021946565
sentence_6_overlap_3,A045,A person wants to improve protein choices without increasing saturated fat. What options fit that goal?,"[210, 700, 207]","[700, 211, 198]","[0.7431744933128357, 0.7385774850845337, 0.7373044490814209]",0.7431744933128357,True,1.0,4192,137.9799021946565
sentence_6_overlap_3,A046,How much protein would a healthy 70 kg adult need using 0.8 g/kg body weight?,[249],"[249, 700, 249]","[0.7780582904815674, 0.7724480628967285, 0.7566343545913696]",0.7780582904815674,True,1.0,4192,137.9799021946565
sentence_6_overlap_3,A047,"On packaged foods, what do the calories listed on the Nutrition Facts panel actually represent?",[265],"[726, 727, 735]","[0.7858826518058777, 0.7804045677185059, 0.7728512287139893]",0.7858826518058777,False,0.0,4192,137.9799021946565
sentence_6_overlap_3,A048,"When is body weight maintained, lost, or gained in relation to energy balance?",[279],"[279, 279, 36]","[0.8266017436981201, 0.7618229985237122, 0.7504053711891174]",0.8266017436981201,True,1.0,4192,137.9799021946565
sentence_6_overlap_3,A049,What is the difference between potential energy and kinetic energy?,"[264, 268, 344]","[264, 264, 264]","[0.7866194248199463, 0.7817773222923279, 0.7529284954071045]",0.7866194248199463,True,1.0,4192,137.9799021946565
sentence_6_overlap_3,A050,What is an obesogenic environment?,[276],"[276, 291, 290]","[0.8226234912872314, 0.7196493744850159, 0.7060270309448242]",0.8226234912872314,True,1.0,4192,137.9799021946565
sentence_6_overlap_3,A051,How do positive and negative energy balance differ in their effects on body weight?,[279],"[278, 278, 279]","[0.7857673764228821, 0.783656120300293, 0.7803731560707092]",0.7857673764228821,True,0.3333333333333333,4192,137.9799021946565
sentence_6_overlap_3,A052,List national-level actions that can support obesity prevention or weight management.,[278],"[278, 277, 85]","[0.7487549185752869, 0.7372666597366333, 0.7268016338348389]",0.7487549185752869,True,1.0,4192,137.9799021946565
sentence_6_overlap_3,A053,"How do the hypothalamus, hunger, and satiety work together to regulate energy intake?",[285],"[285, 286, 285]","[0.833946943283081, 0.7999007105827332, 0.778781533241272]",0.833946943283081,True,1.0,4192,137.9799021946565
sentence_6_overlap_3,A054,"If breakfast includes 150 calories from yogurt, 209 calories from granola, and 100 calories from orange juice, what is the total caloric intake?",[265],"[265, 265, 748]","[0.8339658379554749, 0.7948107719421387, 0.7553477883338928]",0.8339658379554749,True,1.0,4192,137.9799021946565
sentence_6_overlap_3,A055,How is binge drinking defined for men and women?,[306],"[306, 306, 646]","[0.7973175644874573, 0.7168533205986023, 0.6858042478561401]",0.7973175644874573,True,1.0,4192,137.9799021946565
sentence_6_overlap_3,A056,Why is taking acetaminophen after drinking alcohol risky?,[312],"[312, 312, 314]","[0.7927953004837036, 0.7330004572868347, 0.71806401014328]",0.7927953004837036,True,1.0,4192,137.9799021946565
sentence_6_overlap_3,A057,"How do beer, wine, and hard liquor differ in calorie content and nutrient contribution?",[311],"[311, 314, 314]","[0.8535065650939941, 0.7939316034317017, 0.7808645963668823]",0.8535065650939941,True,1.0,4192,137.9799021946565
sentence_6_overlap_3,A058,List the three most common forms of alcoholic liver disease.,[316],"[316, 315, 315]","[0.8413259983062744, 0.8062707781791687, 0.7653541564941406]",0.8413259983062744,True,1.0,4192,137.9799021946565
sentence_6_overlap_3,A059,What adequate intake values are given for total water for adult males and females?,[337],"[337, 7, 336]","[0.8262911438941956, 0.775781512260437, 0.7580313682556152]",0.8262911438941956,True,1.0,4192,137.9799021946565
sentence_6_overlap_3,A060,What is an electrolyte?,[327],"[327, 344, 327]","[0.7903305888175964, 0.7283014059066772, 0.7269370555877686]",0.7903305888175964,True,1.0,4192,137.9799021946565
sentence_6_overlap_3,A061,Why is water considered the most critical nutrient?,[331],"[331, 7, 7]","[0.7848148345947266, 0.7480086088180542, 0.7431745529174805]",0.7848148345947266,True,1.0,4192,137.9799021946565
sentence_6_overlap_3,A062,How does dehydration affect blood volume and cells?,[365],"[365, 329, 365]","[0.8327605128288269, 0.7799196243286133, 0.7730515003204346]",0.8327605128288269,True,1.0,4192,137.9799021946565
sentence_6_overlap_3,A063,How do cations and anions differ in body fluids?,[327],"[327, 327, 328]","[0.7612884044647217, 0.7287376523017883, 0.7282737493515015]",0.7612884044647217,True,1.0,4192,137.9799021946565
sentence_6_overlap_3,A064,List examples of foods with very high water content.,[338],"[338, 767, 767]","[0.764098048210144, 0.7504729628562927, 0.7421954870223999]",0.764098048210144,True,1.0,4192,137.9799021946565
sentence_6_overlap_3,A065,"How are potassium, aldosterone, and nerve impulses connected?",[362],"[362, 362, 362]","[0.7977702617645264, 0.7483095526695251, 0.7457829713821411]",0.7977702617645264,True,1.0,4192,137.9799021946565
sentence_6_overlap_3,A066,A person wants a beverage that helps avoid weight gain. What general label-based guidance applies?,[371],"[371, 371, 373]","[0.768586277961731, 0.7322112321853638, 0.7273885607719421]",0.768586277961731,True,1.0,4192,137.9799021946565
sentence_6_overlap_3,A067,What are the adult RDA and adult UL for vitamin E?,[404],"[404, 395, 406]","[0.7513766884803772, 0.70011305809021, 0.6940474510192871]",0.7513766884803772,True,1.0,4192,137.9799021946565
sentence_6_overlap_3,A068,What vitamin D supplement dose range was linked to lower fracture incidence in a review of clinical trials?,[399],"[399, 399, 399]","[0.7976456880569458, 0.7942355275154114, 0.7823799252510071]",0.7976456880569458,True,1.0,4192,137.9799021946565
sentence_6_overlap_3,A069,What is vitamin A?,[390],"[390, 390, 390]","[0.8311827778816223, 0.8254521489143372, 0.8186066746711731]",0.8311827778816223,True,1.0,4192,137.9799021946565
sentence_6_overlap_3,A070,Why can vitamin A deficiency cause night blindness?,[391],"[391, 390, 391]","[0.8564244508743286, 0.8512958884239197, 0.8454599380493164]",0.8564244508743286,True,1.0,4192,137.9799021946565
sentence_6_overlap_3,A071,How do water-soluble vitamins support energy metabolism?,[411],"[411, 9, 443]","[0.8584399819374084, 0.8251158595085144, 0.7988189458847046]",0.8584399819374084,True,1.0,4192,137.9799021946565
sentence_6_overlap_3,A072,How do fat-soluble vitamins and water-soluble vitamins differ in the roles described?,"[390, 411]","[387, 386, 386]","[0.8468098640441895, 0.7980576753616333, 0.7941976189613342]",0.8468098640441895,False,0.0,4192,137.9799021946565
sentence_6_overlap_3,A073,List health problems associated with vitamin D deficiency in children and adults.,[398],"[398, 399, 397]","[0.8395792245864868, 0.7975451350212097, 0.7952443361282349]",0.8395792245864868,True,1.0,4192,137.9799021946565
sentence_6_overlap_3,A074,How should the relationship between micronutrient deficiency and disease be interpreted for vitamin A?,[393],"[393, 392, 393]","[0.8078147768974304, 0.7884401679039001, 0.7746704816818237]",0.8078147768974304,True,1.0,4192,137.9799021946565
sentence_6_overlap_3,A075,How does vitamin C act as an antioxidant and support body tissues?,[412],"[412, 412, 412]","[0.8586187958717346, 0.8196429014205933, 0.8053851127624512]",0.8586187958717346,True,1.0,4192,137.9799021946565
sentence_6_overlap_3,A076,A person is considering very high-dose vitamin E supplements. What caution is supported?,[404],"[404, 403, 402]","[0.7847883105278015, 0.7440488338470459, 0.7328376770019531]",0.7847883105278015,True,1.0,4192,137.9799021946565
sentence_6_overlap_3,A077,Where is most calcium stored in the human body?,[465],"[465, 474, 465]","[0.8403441309928894, 0.7515594959259033, 0.7436246871948242]",0.8403441309928894,True,1.0,4192,137.9799021946565
sentence_6_overlap_3,A078,What is phosphorus present as in the body?,[477],"[477, 477, 477]","[0.8670830130577087, 0.7673763036727905, 0.722722589969635]",0.8670830130577087,True,1.0,4192,137.9799021946565
sentence_6_overlap_3,A079,Why can low calcium intake weaken bones even when blood calcium remains controlled?,[465],"[465, 465, 465]","[0.81377774477005, 0.7911219000816345, 0.7730485796928406]",0.81377774477005,True,1.0,4192,137.9799021946565
sentence_6_overlap_3,A080,How do calcium carbonate and calcium citrate differ as supplement choices?,[470],"[470, 470, 470]","[0.800140917301178, 0.7960197925567627, 0.7232648134231567]",0.800140917301178,True,1.0,4192,137.9799021946565
sentence_6_overlap_3,A081,"How are magnesium, vitamin D activation, parathyroid hormone, and bone density connected?",[483],"[483, 483, 483]","[0.7932877540588379, 0.7840002775192261, 0.7622436285018921]",0.7932877540588379,True,1.0,4192,137.9799021946565
sentence_6_overlap_3,A082,"How does phosphorus connect cell structure, genetic material, energy production, and bones?",[477],"[477, 265, 94]","[0.7784999012947083, 0.713301420211792, 0.7029200792312622]",0.7784999012947083,True,1.0,4192,137.9799021946565
sentence_6_overlap_3,A083,What percentage reduction in cavities did water fluoridation prevent on average in children?,[527],"[527, 527, 527]","[0.8578423261642456, 0.7952286005020142, 0.7949978709220886]",0.8578423261642456,True,1.0,4192,137.9799021946565
sentence_6_overlap_3,A084,What are trace minerals?,[494],"[494, 494, 9]","[0.7940559387207031, 0.7878591418266296, 0.7569143772125244]",0.7940559387207031,True,1.0,4192,137.9799021946565
sentence_6_overlap_3,A085,How does vitamin C affect iron absorption from plant-based meals?,[498],"[498, 501, 498]","[0.8631266355514526, 0.8440762162208557, 0.8317979574203491]",0.8631266355514526,True,1.0,4192,137.9799021946565
sentence_6_overlap_3,A086,How do heme and nonheme iron differ in bioavailability and food sources?,[498],"[498, 498, 501]","[0.8330928087234497, 0.8171557188034058, 0.7831062078475952]",0.8330928087234497,True,1.0,4192,137.9799021946565
sentence_6_overlap_3,A087,List signs or consequences of severe zinc deficiency.,[507],"[507, 242, 504]","[0.7704769968986511, 0.7480652332305908, 0.7432519793510437]",0.7704769968986511,True,1.0,4192,137.9799021946565
sentence_6_overlap_3,A088,"How can iodine deficiency affect the thyroid, metabolism, growth, and brain development?",[515],"[515, 515, 556]","[0.8607026934623718, 0.8526753783226013, 0.7306172847747803]",0.8607026934623718,True,1.0,4192,137.9799021946565
sentence_6_overlap_3,A089,How does selenium work with other antioxidants and thyroid-related functions?,[510],"[510, 510, 511]","[0.8572489023208618, 0.8119350671768188, 0.7533924579620361]",0.8572489023208618,True,1.0,4192,137.9799021946565
sentence_6_overlap_3,A090,"How much folic acid should women of childbearing age get daily from fortified foods, supplements, or both?",[546],"[546, 545, 435]","[0.8676500916481018, 0.7984747290611267, 0.7945318222045898]",0.8676500916481018,True,1.0,4192,137.9799021946565
sentence_6_overlap_3,A091,What is colostrum?,[586],"[586, 586, 587]","[0.7738432884216309, 0.7463691234588623, 0.7348076105117798]",0.7738432884216309,True,1.0,4192,137.9799021946565
sentence_6_overlap_3,A092,Why is good nutrition important during pregnancy?,[544],"[544, 554, 554]","[0.8440078496932983, 0.8071708679199219, 0.7991713881492615]",0.8440078496932983,True,1.0,4192,137.9799021946565
sentence_6_overlap_3,A093,Why do choline needs increase during pregnancy and lactation?,[556],"[556, 556, 556]","[0.897130012512207, 0.7953767776489258, 0.77802574634552]",0.897130012512207,True,1.0,4192,137.9799021946565
sentence_6_overlap_3,A094,How do recommended pregnancy weight-gain ranges differ for normal-weight and obese prepregnancy BMI categories?,[547],"[547, 548, 548]","[0.8542940020561218, 0.8411179780960083, 0.8130035400390625]",0.8542940020561218,True,1.0,4192,137.9799021946565
sentence_6_overlap_3,A095,List food-handling measures that reduce contamination risk during pregnancy or breastfeeding.,[560],"[560, 560, 560]","[0.794859766960144, 0.7738059759140015, 0.7411844730377197]",0.794859766960144,True,1.0,4192,137.9799021946565
sentence_6_overlap_3,A096,A pregnant person wants seafood but is concerned about methylmercury. What choices and limits are supported?,[561],"[561, 561, 561]","[0.8594067096710205, 0.8574700355529785, 0.7669437527656555]",0.8594067096710205,True,1.0,4192,137.9799021946565
sentence_6_overlap_3,A097,"Using the estimate of 40 calories per inch of height, how many calories would a 32-inch toddler need per day?",[607],"[607, 608, 608]","[0.8366547226905823, 0.763826847076416, 0.7626045346260071]",0.8366547226905823,True,1.0,4192,137.9799021946565
sentence_6_overlap_3,A098,"What ages define early, middle, and late childhood?",[622],"[622, 622, 622]","[0.8299616575241089, 0.8109052181243896, 0.7871071696281433]",0.8299616575241089,True,1.0,4192,137.9799021946565
sentence_6_overlap_3,A099,Why is a healthy diet important for school-aged children?,[623],"[627, 630, 623]","[0.7671563625335693, 0.7539881467819214, 0.7380163669586182]",0.7671563625335693,True,0.3333333333333333,4192,137.9799021946565
sentence_6_overlap_3,A100,How do early adolescence and late adolescence differ in growth and independence?,"[638, 642, 620]","[642, 643, 638]","[0.8276650905609131, 0.7269210815429688, 0.7210724949836731]",0.8276650905609131,True,1.0,4192,137.9799021946565
sentence_6_overlap_3,A101,List important micronutrients for children and adolescents and why they matter.,"[625, 639]","[644, 639, 639]","[0.841905951499939, 0.8318418860435486, 0.8202484250068665]",0.841905951499939,True,0.5,4192,137.9799021946565
sentence_6_overlap_3,A102,"How can food insecurity in childhood affect growth and development, and what programs address it?",[628],"[628, 861, 628]","[0.8042803406715393, 0.7610127925872803, 0.756274938583374]",0.8042803406715393,True,1.0,4192,137.9799021946565
sentence_6_overlap_3,A103,A teenager often skips meals and buys convenience-store snacks. What nutrition guidance fits this life stage?,"[642, 643]","[642, 643, 642]","[0.7708685994148254, 0.7512301206588745, 0.7343325614929199]",0.7708685994148254,True,1.0,4192,137.9799021946565
sentence_6_overlap_3,A104,What daily energy ranges are given for women and men ages nineteen to thirty?,[657],"[657, 657, 281]","[0.7680025100708008, 0.7298784255981445, 0.7172060012817383]",0.7680025100708008,True,1.0,4192,137.9799021946565
sentence_6_overlap_3,A105,What is middle age?,[660],"[660, 539, 622]","[0.8388896584510803, 0.7480018138885498, 0.7410151958465576]",0.8388896584510803,True,1.0,4192,137.9799021946565
sentence_6_overlap_3,A106,Why do older adults face special nutrition concerns?,[666],"[668, 667, 669]","[0.8331835269927979, 0.7954185605049133, 0.7779021263122559]",0.8331835269927979,False,0.0,4192,137.9799021946565
sentence_6_overlap_3,A107,How do macronutrient recommendations in middle age compare with young adulthood?,[661],"[661, 644, 661]","[0.7876231074333191, 0.7738437056541443, 0.7738202214241028]",0.7876231074333191,True,1.0,4192,137.9799021946565
sentence_6_overlap_3,A108,How can aging-related stomach acid changes affect vitamin B12 status and brain health?,[668],"[668, 438, 438]","[0.7976385951042175, 0.7910374402999878, 0.7644616365432739]",0.7976385951042175,True,1.0,4192,137.9799021946565
sentence_6_overlap_3,A109,An older adult has difficulty swallowing after neurological problems. What food-texture strategy is supported?,[669],"[669, 669, 667]","[0.7526882886886597, 0.7475107908248901, 0.7147891521453857]",0.7526882886886597,True,1.0,4192,137.9799021946565
sentence_6_overlap_3,A110,What protein intake range is recommended for athletes?,[700],"[700, 256, 256]","[0.8797614574432373, 0.8530641794204712, 0.845205545425415]",0.8797614574432373,True,1.0,4192,137.9799021946565
sentence_6_overlap_3,A111,Why does aerobic training improve cardiorespiratory endurance?,[680],"[680, 680, 680]","[0.8561701774597168, 0.7864465117454529, 0.783532977104187]",0.8561701774597168,True,1.0,4192,137.9799021946565
sentence_6_overlap_3,A112,How do anaerobic and aerobic metabolism differ during physical activity?,[691],"[694, 692, 691]","[0.8813494443893433, 0.8278704881668091, 0.8086743950843811]",0.8813494443893433,True,0.3333333333333333,4192,137.9799021946565
sentence_6_overlap_3,A113,List physical and mental benefits of regular physical activity.,[687],"[687, 688, 688]","[0.8710956573486328, 0.8388100862503052, 0.8261264562606812]",0.8710956573486328,True,1.0,4192,137.9799021946565
sentence_6_overlap_3,A114,How can dehydration reduce exercise performance and raise heat-illness risk?,"[706, 707]","[706, 707, 706]","[0.8507329821586609, 0.8465449213981628, 0.8340212106704712]",0.8507329821586609,True,1.0,4192,137.9799021946565
sentence_6_overlap_3,A115,An endurance athlete trains one to three hours per day at moderate to high intensity. What carbohydrate intake range is appropriate?,[699],"[699, 697, 699]","[0.8197325468063354, 0.7958005666732788, 0.7675665616989136]",0.8197325468063354,True,1.0,4192,137.9799021946565
sentence_6_overlap_3,A116,"What are the AMDR ranges for adults for protein, carbohydrates, and fat?",[724],"[657, 639, 643]","[0.8520578145980835, 0.8184560537338257, 0.8164332509040833]",0.8520578145980835,False,0.0,4192,137.9799021946565
sentence_6_overlap_3,A117,"What is the updated Daily Value for sodium on a 2,000-calorie diet?",[728],"[349, 349, 348]","[0.7706656455993652, 0.7679041028022766, 0.7641093134880066]",0.7706656455993652,False,0.0,4192,137.9799021946565
sentence_6_overlap_3,A118,What are Dietary Reference Intakes?,[721],"[280, 721, 579]","[0.8421299457550049, 0.8414620161056519, 0.8341488242149353]",0.8421299457550049,True,0.5,4192,137.9799021946565
sentence_6_overlap_3,A119,"How is an RDA determined from an EAR, and what population goal does it serve?",[722],"[722, 722, 721]","[0.8103054761886597, 0.8100347518920898, 0.7217770218849182]",0.8103054761886597,True,1.0,4192,137.9799021946565
sentence_6_overlap_3,A120,How does Percent Daily Value help someone read a Nutrition Facts panel?,[727],"[727, 727, 727]","[0.7953847646713257, 0.7658165097236633, 0.7409030199050903]",0.7953847646713257,True,1.0,4192,137.9799021946565
sentence_6_overlap_3,A121,How do EAR and RDA differ?,"[722, 723]","[722, 722, 722]","[0.7526885271072388, 0.7288275957107544, 0.6685363054275513]",0.7526885271072388,True,1.0,4192,137.9799021946565
sentence_6_overlap_3,A122,List changes made to the updated Nutrition Facts label.,"[726, 727]","[726, 726, 729]","[0.8215012550354004, 0.7935063242912292, 0.7797726392745972]",0.8215012550354004,True,1.0,4192,137.9799021946565
sentence_6_overlap_3,A123,"A cracker label says 20 crackers equal one serving and the box contains 10 servings. If someone eats 40 crackers, how many servings did they eat?",[727],"[727, 727, 735]","[0.7734003663063049, 0.712826669216156, 0.6853851079940796]",0.7734003663063049,True,1.0,4192,137.9799021946565
sentence_6_overlap_3,A124,What temperature range is called the danger zone for bacterial growth?,[767],"[767, 767, 768]","[0.8538409471511841, 0.7366980314254761, 0.6317766904830933]",0.8538409471511841,True,1.0,4192,137.9799021946565
sentence_6_overlap_3,A125,What is a foodborne infection?,[766],"[764, 766, 766]","[0.820836067199707, 0.8147063255310059, 0.8056229948997498]",0.820836067199707,True,0.5,4192,137.9799021946565
sentence_6_overlap_3,A126,Why can cooked food left at room temperature for hours cause illness?,[771],"[799, 771, 799]","[0.7711201906204224, 0.7708271145820618, 0.7576246857643127]",0.7711201906204224,True,0.5,4192,137.9799021946565
sentence_6_overlap_3,A127,How do food infection and food intoxication differ?,"[766, 769]","[771, 771, 769]","[0.8142430782318115, 0.8066552877426147, 0.7837244868278503]",0.8142430782318115,True,0.3333333333333333,4192,137.9799021946565
sentence_6_overlap_3,A128,"List the four most important consumer steps for handling, preparing, and serving food safely.",[797],"[797, 797, 560]","[0.8515031933784485, 0.7991201281547546, 0.7099219560623169]",0.8515031933784485,True,1.0,4192,137.9799021946565
sentence_6_overlap_3,A129,"How do buying, storing, and preparing food safely work together to reduce foodborne illness risk?","[797, 798]","[797, 797, 797]","[0.7556421160697937, 0.7502715587615967, 0.7415270805358887]",0.7556421160697937,True,1.0,4192,137.9799021946565
sentence_6_overlap_3,A130,A family cooked dinner and has leftovers. What should they do to store the food safely?,"[797, 798]","[799, 797, 799]","[0.7781569957733154, 0.7470545172691345, 0.7401359677314758]",0.7781569957733154,True,0.5,4192,137.9799021946565
sentence_6_overlap_3,A131,Can a person with excess body weight still be malnourished?,[853],"[853, 859, 854]","[0.7296105623245239, 0.7173789739608765, 0.7136378288269043]",0.7296105623245239,True,1.0,4192,137.9799021946565
sentence_6_overlap_3,A132,How common is food insecurity in Louisiana as described?,[860],"[628, 860, 628]","[0.8324598670005798, 0.830578088760376, 0.8116847276687622]",0.8324598670005798,True,0.5,4192,137.9799021946565
sentence_6_overlap_3,A133,What education and credentialing steps are required to become a registered dietitian?,[866],"[866, 866, 866]","[0.7749696969985962, 0.7435080409049988, 0.7200459241867065]",0.7749696969985962,True,1.0,4192,137.9799021946565
sentence_6_overlap_3,A134,What is wellness?,[805],"[805, 805, 661]","[0.8108923435211182, 0.7860953211784363, 0.6719298362731934]",0.8108923435211182,True,1.0,4192,137.9799021946565
sentence_6_overlap_3,A135,Why is managing weight by only comparing calories in and calories out overly simplistic?,[815],"[815, 822, 371]","[0.7858256697654724, 0.7012163400650024, 0.6993699669837952]",0.7858256697654724,True,1.0,4192,137.9799021946565
sentence_6_overlap_3,A136,Why are chronic disease risk factors warning signs rather than guarantees?,[839],"[839, 839, 839]","[0.8353798389434814, 0.8051486015319824, 0.7934526205062866]",0.8353798389434814,True,1.0,4192,137.9799021946565
sentence_6_overlap_3,A137,How do undernutrition and overnutrition differ?,[853],"[853, 853, 853]","[0.8308283090591431, 0.8307726383209229, 0.7356185913085938]",0.8308283090591431,True,1.0,4192,137.9799021946565
sentence_6_overlap_3,A138,List groups described as being at risk of hunger or malnutrition.,[861],"[861, 861, 859]","[0.8341166377067566, 0.7753124237060547, 0.7678954601287842]",0.8341166377067566,True,1.0,4192,137.9799021946565
sentence_6_overlap_3,A139,How can disease and diet create a cycle that compromises nutrition and health?,[824],"[824, 824, 839]","[0.8034735918045044, 0.7346047759056091, 0.7272123098373413]",0.8034735918045044,True,1.0,4192,137.9799021946565
sentence_6_overlap_3,A140,A student wants a career providing evidence-based nutrition care. How should they distinguish registered dietitians from nutritionists?,[866],"[866, 866, 866]","[0.8081873655319214, 0.7864638566970825, 0.7796307802200317]",0.8081873655319214,True,1.0,4192,137.9799021946565
word_180_overlap_40,A001,Which six classes of nutrients are required for the body to function and maintain overall health?,[4],"[10, 4, 4]","[0.7985985279083252, 0.7840361595153809, 0.7778197526931763]",0.7985985279083252,True,0.5,1800,221.42888888888888
word_180_overlap_40,A002,What is a macronutrient?,[5],"[5, 7, 5]","[0.7760133743286133, 0.7380401492118835, 0.7272430658340454]",0.7760133743286133,True,1.0,1800,221.42888888888888
word_180_overlap_40,A003,What does the term Calorie on a Nutrition Facts label actually represent?,"[264, 735, 726, 5]","[264, 726, 265]","[0.7430523037910461, 0.7423962354660034, 0.7371234893798828]",0.7430523037910461,True,1.0,1800,221.42888888888888
word_180_overlap_40,A004,Why is water considered a required macronutrient even though it does not provide energy?,"[5, 7]","[7, 5, 5]","[0.8044965863227844, 0.784970760345459, 0.7663689851760864]",0.8044965863227844,True,1.0,1800,221.42888888888888
word_180_overlap_40,A005,Why are nutrient-dense foods considered higher-quality foods?,[13],"[13, 36, 266]","[0.822059154510498, 0.76002037525177, 0.7512273192405701]",0.822059154510498,True,1.0,1800,221.42888888888888
word_180_overlap_40,A006,List the common metric prefixes and amounts used in nutrition measurement.,[16],"[16, 264, 33]","[0.805048942565918, 0.7089979648590088, 0.6990607976913452]",0.805048942565918,True,1.0,1800,221.42888888888888
word_180_overlap_40,A007,How do dietary habits and other lifestyle factors work together to influence health?,[19],"[19, 23, 35]","[0.8121791481971741, 0.7737313508987427, 0.7449368238449097]",0.8121791481971741,True,1.0,1800,221.42888888888888
word_180_overlap_40,A008,What is an epidemiological study in nutrition research?,[26],"[26, 26, 26]","[0.7780489325523376, 0.737241804599762, 0.7291588187217712]",0.7780489325523376,True,1.0,1800,221.42888888888888
word_180_overlap_40,A009,How do epidemiological studies and intervention clinical trials differ in what they can show?,[26],"[26, 26, 32]","[0.7913172245025635, 0.6877526044845581, 0.6520144939422607]",0.7913172245025635,True,1.0,1800,221.42888888888888
word_180_overlap_40,A010,Why is one nutrition study usually not enough to make a guideline or recommendation?,[30],"[756, 41, 755]","[0.7355692386627197, 0.7091956734657288, 0.709105908870697]",0.7355692386627197,False,0.0,1800,221.42888888888888
word_180_overlap_40,A011,Why should a reader trace nutrition news back to the original journal article when possible?,[32],"[32, 32, 33]","[0.7518243193626404, 0.7421743869781494, 0.7249901294708252]",0.7518243193626404,True,1.0,1800,221.42888888888888
word_180_overlap_40,A012,What are the ABCD methods used for nutritional assessment?,[27],"[27, 29, 26]","[0.820997953414917, 0.729955792427063, 0.704433023929596]",0.820997953414917,True,1.0,1800,221.42888888888888
word_180_overlap_40,A013,How does the history of iodine and goiter illustrate an evidence-based approach to nutrition?,"[39, 40, 41]","[41, 40, 40]","[0.8479655981063843, 0.7832695245742798, 0.7808355093002319]",0.8479655981063843,True,1.0,1800,221.42888888888888
word_180_overlap_40,A014,What is digestion?,[53],"[53, 53, 60]","[0.770634114742279, 0.7547846436500549, 0.7267571687698364]",0.770634114742279,True,1.0,1800,221.42888888888888
word_180_overlap_40,A015,List the hollow tube-shaped organs that make up the digestive system.,[53],"[53, 53, 51]","[0.7645050883293152, 0.6936584115028381, 0.6672634482383728]",0.7645050883293152,True,1.0,1800,221.42888888888888
word_180_overlap_40,A016,What is chyme?,[57],"[57, 57, 190]","[0.7170101404190063, 0.5727478265762329, 0.543520450592041]",0.7170101404190063,True,1.0,1800,221.42888888888888
word_180_overlap_40,A017,How does the structure of the small intestine maximize nutrient absorption?,[58],"[58, 59, 58]","[0.8524543046951294, 0.7774300575256348, 0.7765610814094543]",0.8524543046951294,True,1.0,1800,221.42888888888888
word_180_overlap_40,A018,Why is the urinary system important beyond simply removing wastes?,[86],"[86, 88, 69]","[0.7962161302566528, 0.7513154745101929, 0.7160578370094299]",0.7962161302566528,True,1.0,1800,221.42888888888888
word_180_overlap_40,A019,How are overweight and obesity different?,[103],"[103, 105, 293]","[0.7735190391540527, 0.7469757795333862, 0.7397329807281494]",0.7735190391540527,True,1.0,1800,221.42888888888888
word_180_overlap_40,A020,What components help the immune system defend the body?,[100],"[100, 51, 453]","[0.763987123966217, 0.7431403994560242, 0.719725489616394]",0.763987123966217,True,1.0,1800,221.42888888888888
word_180_overlap_40,A021,How can poor nutrient intake increase infection risk through the immune system?,[100],"[101, 100, 100]","[0.8043414354324341, 0.7931042909622192, 0.7832401990890503]",0.8043414354324341,True,0.5,1800,221.42888888888888
word_180_overlap_40,A022,How does muscle energy storage differ from liver energy storage during activity?,[92],"[137, 275, 136]","[0.7861750721931458, 0.7724364399909973, 0.7681158781051636]",0.7861750721931458,False,0.0,1800,221.42888888888888
word_180_overlap_40,A023,What is the Recommended Dietary Allowance for carbohydrates for children and adults?,[149],"[149, 657, 624]","[0.8076742887496948, 0.7492644786834717, 0.7469034194946289]",0.8076742887496948,True,1.0,1800,221.42888888888888
word_180_overlap_40,A024,How are monosaccharides and disaccharides related within simple carbohydrates?,[117],"[117, 119, 118]","[0.8293325304985046, 0.7660847902297974, 0.7514551281929016]",0.8293325304985046,True,1.0,1800,221.42888888888888
word_180_overlap_40,A025,Why does chemical digestion of carbohydrates stop in the stomach?,[123],"[123, 123, 126]","[0.8239378333091736, 0.7819478511810303, 0.7767453193664551]",0.8239378333091736,True,1.0,1800,221.42888888888888
word_180_overlap_40,A026,"What is the glycemic index, and what factors can affect it?",[131],"[131, 129, 131]","[0.8565546870231628, 0.7344191670417786, 0.7250514626502991]",0.8565546870231628,True,1.0,1800,221.42888888888888
word_180_overlap_40,A027,How do added sugars differ from sugars naturally found in whole foods?,[141],"[141, 142, 153]","[0.7729594707489014, 0.747563898563385, 0.7351981401443481]",0.7729594707489014,True,1.0,1800,221.42888888888888
word_180_overlap_40,A028,"How are carbohydrate digestion, blood glucose, insulin, glucagon, and glycogen connected after a meal and between meals?","[126, 127]","[126, 5, 124]","[0.8141433000564575, 0.7831982374191284, 0.7641463875770569]",0.8141433000564575,True,1.0,1800,221.42888888888888
word_180_overlap_40,A029,A person wants to choose a less refined bread and reduce added sugars. What label-based strategy should they use?,[151],"[151, 210, 808]","[0.7170650959014893, 0.6791443824768066, 0.671683132648468]",0.7170650959014893,True,1.0,1800,221.42888888888888
word_180_overlap_40,A030,"Using a 2,000 kilocalorie diet and the 45–65% AMDR for carbohydrates, how many grams of carbohydrate should a person consume per day?",[149],"[149, 639, 624]","[0.8518703579902649, 0.8142182230949402, 0.791428804397583]",0.8518703579902649,True,1.0,1800,221.42888888888888
word_180_overlap_40,A031,How many kilocalories does one gram of fat or oil provide?,[173],"[264, 264, 173]","[0.7818313837051392, 0.7633893489837646, 0.7550785541534424]",0.7818313837051392,True,0.3333333333333333,1800,221.42888888888888
word_180_overlap_40,A032,What percentage of total calories should fat provide for adults according to the AMDR?,"[657, 197, 643, 639]","[657, 639, 657]","[0.8267028331756592, 0.8217357993125916, 0.8135943412780762]",0.8267028331756592,True,1.0,1800,221.42888888888888
word_180_overlap_40,A033,What is a triglyceride?,[176],"[166, 176, 166]","[0.7588752508163452, 0.7532266974449158, 0.7440963983535767]",0.7588752508163452,True,0.5,1800,221.42888888888888
word_180_overlap_40,A034,How do dietary fats increase the bioavailability of certain micronutrients?,[170],"[170, 463, 387]","[0.8596984148025513, 0.8073340058326721, 0.7770477533340454]",0.8596984148025513,True,1.0,1800,221.42888888888888
word_180_overlap_40,A035,How do omega-6 and omega-3 fatty acids differ in their eicosanoid effects?,[182],"[182, 200, 200]","[0.8392056226730347, 0.7920294404029846, 0.787667989730835]",0.8392056226730347,True,1.0,1800,221.42888888888888
word_180_overlap_40,A036,How are LDL and HDL different in relation to blood cholesterol risk?,"[193, 194]","[192, 193, 194]","[0.8034063577651978, 0.7680846452713013, 0.7647833824157715]",0.8034063577651978,True,0.5,1800,221.42888888888888
word_180_overlap_40,A037,List four dietary suggestions that can help improve a lipid profile.,[196],"[196, 210, 207]","[0.7859050035476685, 0.7563632726669312, 0.7464668154716492]",0.7859050035476685,True,1.0,1800,221.42888888888888
word_180_overlap_40,A038,How can hydrogenation of fats connect food processing to heart-health concerns?,"[202, 205]","[202, 202, 203]","[0.8224952220916748, 0.7861135005950928, 0.7761098146438599]",0.8224952220916748,True,1.0,1800,221.42888888888888
word_180_overlap_40,A039,"How many amino acids are essential, nonessential, and total in human protein nutrition?",[220],"[220, 221, 231]","[0.8671153783798218, 0.80867600440979, 0.7525981068611145]",0.8671153783798218,True,1.0,1800,221.42888888888888
word_180_overlap_40,A040,What is protein?,[218],"[218, 218, 216]","[0.8502318859100342, 0.8294355273246765, 0.8123698234558105]",0.8502318859100342,True,1.0,1800,221.42888888888888
word_180_overlap_40,A041,How do proteins contribute to food structure and texture during cooking?,[226],"[226, 226, 227]","[0.8750383853912354, 0.8103960156440735, 0.7733737230300903]",0.8750383853912354,True,1.0,1800,221.42888888888888
word_180_overlap_40,A042,How do kwashiorkor and marasmus differ?,[243],"[243, 242, 244]","[0.8133766651153564, 0.7600558996200562, 0.7403218150138855]",0.8133766651153564,True,1.0,1800,221.42888888888888
word_180_overlap_40,A043,List several major functions of proteins in the body.,"[234, 235, 236, 237]","[233, 216, 218]","[0.8532677888870239, 0.822892963886261, 0.8108327984809875]",0.8532677888870239,False,0.0,1800,221.42888888888888
word_180_overlap_40,A044,How is nitrogen balance used to determine appropriate protein intake?,[249],"[249, 249, 249]","[0.8735294342041016, 0.8589574098587036, 0.8247214555740356]",0.8735294342041016,True,1.0,1800,221.42888888888888
word_180_overlap_40,A045,A person wants to improve protein choices without increasing saturated fat. What options fit that goal?,"[210, 700, 207]","[207, 700, 210]","[0.7463740110397339, 0.7449890375137329, 0.7357659339904785]",0.7463740110397339,True,1.0,1800,221.42888888888888
word_180_overlap_40,A046,How much protein would a healthy 70 kg adult need using 0.8 g/kg body weight?,[249],"[249, 256, 700]","[0.7706747055053711, 0.7645851969718933, 0.7478370666503906]",0.7706747055053711,True,1.0,1800,221.42888888888888
word_180_overlap_40,A047,"On packaged foods, what do the calories listed on the Nutrition Facts panel actually represent?",[265],"[265, 726, 726]","[0.7777698636054993, 0.765174388885498, 0.7590841054916382]",0.7777698636054993,True,1.0,1800,221.42888888888888
word_180_overlap_40,A048,"When is body weight maintained, lost, or gained in relation to energy balance?",[279],"[279, 278, 279]","[0.7620255947113037, 0.7524858713150024, 0.7503998279571533]",0.7620255947113037,True,1.0,1800,221.42888888888888
word_180_overlap_40,A049,What is the difference between potential energy and kinetic energy?,"[264, 268, 344]","[264, 264, 271]","[0.7288961410522461, 0.7014833688735962, 0.6436558365821838]",0.7288961410522461,True,1.0,1800,221.42888888888888
word_180_overlap_40,A050,What is an obesogenic environment?,[276],"[276, 291, 277]","[0.8052226901054382, 0.7158973813056946, 0.6811525225639343]",0.8052226901054382,True,1.0,1800,221.42888888888888
word_180_overlap_40,A051,How do positive and negative energy balance differ in their effects on body weight?,[279],"[278, 818, 701]","[0.782187819480896, 0.7305802702903748, 0.7256303429603577]",0.782187819480896,False,0.0,1800,221.42888888888888
word_180_overlap_40,A052,List national-level actions that can support obesity prevention or weight management.,[278],"[278, 277, 299]","[0.7479919791221619, 0.7362462282180786, 0.7096307277679443]",0.7479919791221619,True,1.0,1800,221.42888888888888
word_180_overlap_40,A053,"How do the hypothalamus, hunger, and satiety work together to regulate energy intake?",[285],"[285, 286, 286]","[0.8313023447990417, 0.8117051720619202, 0.7750461101531982]",0.8313023447990417,True,1.0,1800,221.42888888888888
word_180_overlap_40,A054,"If breakfast includes 150 calories from yogurt, 209 calories from granola, and 100 calories from orange juice, what is the total caloric intake?",[265],"[265, 748, 748]","[0.7718979716300964, 0.7589033246040344, 0.7500919103622437]",0.7718979716300964,True,1.0,1800,221.42888888888888
word_180_overlap_40,A055,How is binge drinking defined for men and women?,[306],"[306, 307, 20]","[0.7384437918663025, 0.6803039312362671, 0.6769760847091675]",0.7384437918663025,True,1.0,1800,221.42888888888888
word_180_overlap_40,A056,Why is taking acetaminophen after drinking alcohol risky?,[312],"[312, 314, 310]","[0.7502619028091431, 0.7029721736907959, 0.6692667007446289]",0.7502619028091431,True,1.0,1800,221.42888888888888
word_180_overlap_40,A057,"How do beer, wine, and hard liquor differ in calorie content and nutrient contribution?",[311],"[311, 314, 153]","[0.8333634734153748, 0.7881742119789124, 0.7147402763366699]",0.8333634734153748,True,1.0,1800,221.42888888888888
word_180_overlap_40,A058,List the three most common forms of alcoholic liver disease.,[316],"[315, 316, 316]","[0.7972967624664307, 0.7757145166397095, 0.7295892238616943]",0.7972967624664307,True,0.5,1800,221.42888888888888
word_180_overlap_40,A059,What adequate intake values are given for total water for adult males and females?,[337],"[337, 326, 658]","[0.8282690644264221, 0.7366205453872681, 0.7335765361785889]",0.8282690644264221,True,1.0,1800,221.42888888888888
word_180_overlap_40,A060,What is an electrolyte?,[327],"[327, 344, 90]","[0.7845474481582642, 0.7328797578811646, 0.7300397157669067]",0.7845474481582642,True,1.0,1800,221.42888888888888
word_180_overlap_40,A061,Why is water considered the most critical nutrient?,[331],"[7, 331, 331]","[0.752240777015686, 0.7362074851989746, 0.7181629538536072]",0.752240777015686,True,0.5,1800,221.42888888888888
word_180_overlap_40,A062,How does dehydration affect blood volume and cells?,[365],"[365, 365, 707]","[0.7744254469871521, 0.7546336054801941, 0.7498582601547241]",0.7744254469871521,True,1.0,1800,221.42888888888888
word_180_overlap_40,A063,How do cations and anions differ in body fluids?,[327],"[327, 328, 329]","[0.7578161954879761, 0.7292670607566833, 0.7180430293083191]",0.7578161954879761,True,1.0,1800,221.42888888888888
word_180_overlap_40,A064,List examples of foods with very high water content.,[338],"[767, 338, 363]","[0.7324321269989014, 0.7113409042358398, 0.6994264721870422]",0.7324321269989014,True,0.5,1800,221.42888888888888
word_180_overlap_40,A065,"How are potassium, aldosterone, and nerve impulses connected?",[362],"[362, 362, 73]","[0.7907932996749878, 0.7757313251495361, 0.7384958267211914]",0.7907932996749878,True,1.0,1800,221.42888888888888
word_180_overlap_40,A066,A person wants a beverage that helps avoid weight gain. What general label-based guidance applies?,[371],"[371, 371, 142]","[0.7419973015785217, 0.7411308288574219, 0.6962887644767761]",0.7419973015785217,True,1.0,1800,221.42888888888888
word_180_overlap_40,A067,What are the adult RDA and adult UL for vitamin E?,[404],"[404, 395, 658]","[0.7493879795074463, 0.7003052234649658, 0.6806222796440125]",0.7493879795074463,True,1.0,1800,221.42888888888888
word_180_overlap_40,A068,What vitamin D supplement dose range was linked to lower fracture incidence in a review of clinical trials?,[399],"[399, 399, 471]","[0.7912585735321045, 0.7449827194213867, 0.7303282618522644]",0.7912585735321045,True,1.0,1800,221.42888888888888
word_180_overlap_40,A069,What is vitamin A?,[390],"[390, 390, 393]","[0.8122603297233582, 0.7983136177062988, 0.7832783460617065]",0.8122603297233582,True,1.0,1800,221.42888888888888
word_180_overlap_40,A070,Why can vitamin A deficiency cause night blindness?,[391],"[391, 390, 391]","[0.8681676387786865, 0.8226635456085205, 0.7450857758522034]",0.8681676387786865,True,1.0,1800,221.42888888888888
word_180_overlap_40,A071,How do water-soluble vitamins support energy metabolism?,[411],"[411, 9, 443]","[0.8413013219833374, 0.8030354976654053, 0.7899702191352844]",0.8413013219833374,True,1.0,1800,221.42888888888888
word_180_overlap_40,A072,How do fat-soluble vitamins and water-soluble vitamins differ in the roles described?,"[390, 411]","[387, 388, 411]","[0.8462553024291992, 0.7801246643066406, 0.7790547609329224]",0.8462553024291992,True,0.3333333333333333,1800,221.42888888888888
word_180_overlap_40,A073,List health problems associated with vitamin D deficiency in children and adults.,[398],"[398, 409, 400]","[0.7927858829498291, 0.7746676206588745, 0.7656181454658508]",0.7927858829498291,True,1.0,1800,221.42888888888888
word_180_overlap_40,A074,How should the relationship between micronutrient deficiency and disease be interpreted for vitamin A?,[393],"[393, 393, 392]","[0.8007304668426514, 0.7676321268081665, 0.7573909759521484]",0.8007304668426514,True,1.0,1800,221.42888888888888
word_180_overlap_40,A075,How does vitamin C act as an antioxidant and support body tissues?,[412],"[412, 401, 412]","[0.8599424958229065, 0.8009176850318909, 0.7785447835922241]",0.8599424958229065,True,1.0,1800,221.42888888888888
word_180_overlap_40,A076,A person is considering very high-dose vitamin E supplements. What caution is supported?,[404],"[402, 404, 403]","[0.7409530282020569, 0.7293276190757751, 0.719878077507019]",0.7409530282020569,True,0.5,1800,221.42888888888888
word_180_overlap_40,A077,Where is most calcium stored in the human body?,[465],"[465, 474, 466]","[0.8269563317298889, 0.7440576553344727, 0.7161440849304199]",0.8269563317298889,True,1.0,1800,221.42888888888888
word_180_overlap_40,A078,What is phosphorus present as in the body?,[477],"[477, 61, 478]","[0.8559247851371765, 0.7233369946479797, 0.7218305468559265]",0.8559247851371765,True,1.0,1800,221.42888888888888
word_180_overlap_40,A079,Why can low calcium intake weaken bones even when blood calcium remains controlled?,[465],"[465, 465, 465]","[0.7807164192199707, 0.755060076713562, 0.7525635957717896]",0.7807164192199707,True,1.0,1800,221.42888888888888
word_180_overlap_40,A080,How do calcium carbonate and calcium citrate differ as supplement choices?,[470],"[470, 470, 470]","[0.7667616009712219, 0.75751793384552, 0.7054226398468018]",0.7667616009712219,True,1.0,1800,221.42888888888888
word_180_overlap_40,A081,"How are magnesium, vitamin D activation, parathyroid hormone, and bone density connected?",[483],"[483, 397, 483]","[0.7864789366722107, 0.7576669454574585, 0.7375173568725586]",0.7864789366722107,True,1.0,1800,221.42888888888888
word_180_overlap_40,A082,"How does phosphorus connect cell structure, genetic material, energy production, and bones?",[477],"[477, 94, 265]","[0.7514827251434326, 0.7000551819801331, 0.6981511116027832]",0.7514827251434326,True,1.0,1800,221.42888888888888
word_180_overlap_40,A083,What percentage reduction in cavities did water fluoridation prevent on average in children?,[527],"[527, 527, 528]","[0.787959635257721, 0.7790278792381287, 0.7427060604095459]",0.787959635257721,True,1.0,1800,221.42888888888888
word_180_overlap_40,A084,What are trace minerals?,[494],"[494, 9, -11]","[0.7924667596817017, 0.7422159910202026, 0.7170153260231018]",0.7924667596817017,True,1.0,1800,221.42888888888888
word_180_overlap_40,A085,How does vitamin C affect iron absorption from plant-based meals?,[498],"[501, 463, 498]","[0.8301406502723694, 0.8263615965843201, 0.8248099088668823]",0.8301406502723694,True,0.3333333333333333,1800,221.42888888888888
word_180_overlap_40,A086,How do heme and nonheme iron differ in bioavailability and food sources?,[498],"[498, 498, 501]","[0.7741464972496033, 0.7430093288421631, 0.7300598621368408]",0.7741464972496033,True,1.0,1800,221.42888888888888
word_180_overlap_40,A087,List signs or consequences of severe zinc deficiency.,[507],"[507, 504, 507]","[0.7606339454650879, 0.7189835906028748, 0.7172499895095825]",0.7606339454650879,True,1.0,1800,221.42888888888888
word_180_overlap_40,A088,"How can iodine deficiency affect the thyroid, metabolism, growth, and brain development?",[515],"[515, 515, 532]","[0.8574565649032593, 0.7594008445739746, 0.7236546277999878]",0.8574565649032593,True,1.0,1800,221.42888888888888
word_180_overlap_40,A089,How does selenium work with other antioxidants and thyroid-related functions?,[510],"[510, 511, 451]","[0.8485987186431885, 0.7533923983573914, 0.7329046726226807]",0.8485987186431885,True,1.0,1800,221.42888888888888
word_180_overlap_40,A090,"How much folic acid should women of childbearing age get daily from fortified foods, supplements, or both?",[546],"[546, 435, 436]","[0.8568523526191711, 0.7972510457038879, 0.7874220609664917]",0.8568523526191711,True,1.0,1800,221.42888888888888
word_180_overlap_40,A091,What is colostrum?,[586],"[587, 586, 587]","[0.7476707696914673, 0.7180492877960205, 0.7045583128929138]",0.7476707696914673,True,0.5,1800,221.42888888888888
word_180_overlap_40,A092,Why is good nutrition important during pregnancy?,[544],"[544, 554, 554]","[0.8433233499526978, 0.808979332447052, 0.8005889654159546]",0.8433233499526978,True,1.0,1800,221.42888888888888
word_180_overlap_40,A093,Why do choline needs increase during pregnancy and lactation?,[556],"[556, 442, 556]","[0.7860881090164185, 0.7842868566513062, 0.7584477663040161]",0.7860881090164185,True,1.0,1800,221.42888888888888
word_180_overlap_40,A094,How do recommended pregnancy weight-gain ranges differ for normal-weight and obese prepregnancy BMI categories?,[547],"[547, 548, 546]","[0.8542940020561218, 0.840691089630127, 0.7942876815795898]",0.8542940020561218,True,1.0,1800,221.42888888888888
word_180_overlap_40,A095,List food-handling measures that reduce contamination risk during pregnancy or breastfeeding.,[560],"[560, 797, 562]","[0.7879925966262817, 0.7400789856910706, 0.7279576659202576]",0.7879925966262817,True,1.0,1800,221.42888888888888
word_180_overlap_40,A096,A pregnant person wants seafood but is concerned about methylmercury. What choices and limits are supported?,[561],"[561, 561, 554]","[0.8581081628799438, 0.7653361558914185, 0.7141993045806885]",0.8581081628799438,True,1.0,1800,221.42888888888888
word_180_overlap_40,A097,"Using the estimate of 40 calories per inch of height, how many calories would a 32-inch toddler need per day?",[607],"[607, 608, 608]","[0.828893780708313, 0.7506188154220581, 0.7328475117683411]",0.828893780708313,True,1.0,1800,221.42888888888888
word_180_overlap_40,A098,"What ages define early, middle, and late childhood?",[622],"[622, 660, 539]","[0.8162063360214233, 0.727526843547821, 0.6863521337509155]",0.8162063360214233,True,1.0,1800,221.42888888888888
word_180_overlap_40,A099,Why is a healthy diet important for school-aged children?,[623],"[627, 623, 620]","[0.7573228478431702, 0.7399432063102722, 0.739854097366333]",0.7573228478431702,True,0.5,1800,221.42888888888888
word_180_overlap_40,A100,How do early adolescence and late adolescence differ in growth and independence?,"[638, 642, 620]","[642, 638, 620]","[0.8163468837738037, 0.7152663469314575, 0.6970345377922058]",0.8163468837738037,True,1.0,1800,221.42888888888888
word_180_overlap_40,A101,List important micronutrients for children and adolescents and why they matter.,"[625, 639]","[644, 639, 639]","[0.8198510408401489, 0.8188982009887695, 0.8114920854568481]",0.8198510408401489,True,0.5,1800,221.42888888888888
word_180_overlap_40,A102,"How can food insecurity in childhood affect growth and development, and what programs address it?",[628],"[628, 861, 628]","[0.8097954392433167, 0.7771188616752625, 0.7462058663368225]",0.8097954392433167,True,1.0,1800,221.42888888888888
word_180_overlap_40,A103,A teenager often skips meals and buys convenience-store snacks. What nutrition guidance fits this life stage?,"[642, 643]","[643, 642, 642]","[0.7572381496429443, 0.7538522481918335, 0.6972881555557251]",0.7572381496429443,True,1.0,1800,221.42888888888888
word_180_overlap_40,A104,What daily energy ranges are given for women and men ages nineteen to thirty?,[657],"[660, 657, 281]","[0.7587677240371704, 0.7167946100234985, 0.7157191038131714]",0.7587677240371704,True,0.5,1800,221.42888888888888
word_180_overlap_40,A105,What is middle age?,[660],"[660, 539, 660]","[0.8250972628593445, 0.7021712064743042, 0.6986211538314819]",0.8250972628593445,True,1.0,1800,221.42888888888888
word_180_overlap_40,A106,Why do older adults face special nutrition concerns?,[666],"[668, 669, 667]","[0.7856340408325195, 0.7817896604537964, 0.772275984287262]",0.7856340408325195,False,0.0,1800,221.42888888888888
word_180_overlap_40,A107,How do macronutrient recommendations in middle age compare with young adulthood?,[661],"[661, 672, 625]","[0.7842745184898376, 0.7661134004592896, 0.7645694613456726]",0.7842745184898376,True,1.0,1800,221.42888888888888
word_180_overlap_40,A108,How can aging-related stomach acid changes affect vitamin B12 status and brain health?,[668],"[438, 474, 668]","[0.7647045850753784, 0.7474242448806763, 0.7385237216949463]",0.7647045850753784,True,0.3333333333333333,1800,221.42888888888888
word_180_overlap_40,A109,An older adult has difficulty swallowing after neurological problems. What food-texture strategy is supported?,[669],"[667, 669, 668]","[0.7227929830551147, 0.7227470874786377, 0.7077552080154419]",0.7227929830551147,True,0.5,1800,221.42888888888888
word_180_overlap_40,A110,What protein intake range is recommended for athletes?,[700],"[256, 700, 700]","[0.8460061550140381, 0.838691234588623, 0.8327815532684326]",0.8460061550140381,True,0.5,1800,221.42888888888888
word_180_overlap_40,A111,Why does aerobic training improve cardiorespiratory endurance?,[680],"[680, 680, 688]","[0.8485080003738403, 0.7487539052963257, 0.7238329648971558]",0.8485080003738403,True,1.0,1800,221.42888888888888
word_180_overlap_40,A112,How do anaerobic and aerobic metabolism differ during physical activity?,[691],"[694, 692, 691]","[0.8187485337257385, 0.8184045553207397, 0.8007856607437134]",0.8187485337257385,True,0.3333333333333333,1800,221.42888888888888
word_180_overlap_40,A113,List physical and mental benefits of regular physical activity.,[687],"[687, 688, 688]","[0.868804931640625, 0.8041972517967224, 0.7918903827667236]",0.868804931640625,True,1.0,1800,221.42888888888888
word_180_overlap_40,A114,How can dehydration reduce exercise performance and raise heat-illness risk?,"[706, 707]","[707, 706, 380]","[0.8361367583274841, 0.8322138786315918, 0.7658243179321289]",0.8361367583274841,True,1.0,1800,221.42888888888888
word_180_overlap_40,A115,An endurance athlete trains one to three hours per day at moderate to high intensity. What carbohydrate intake range is appropriate?,[699],"[699, 697, 697]","[0.7871074676513672, 0.7581343054771423, 0.7513372302055359]",0.7871074676513672,True,1.0,1800,221.42888888888888
word_180_overlap_40,A116,"What are the AMDR ranges for adults for protein, carbohydrates, and fat?",[724],"[657, 639, 248]","[0.8219251036643982, 0.8198992609977722, 0.8015120625495911]",0.8219251036643982,False,0.0,1800,221.42888888888888
word_180_overlap_40,A117,"What is the updated Daily Value for sodium on a 2,000-calorie diet?",[728],"[349, 349, 349]","[0.7718325853347778, 0.7703086137771606, 0.7520684003829956]",0.7718325853347778,False,0.0,1800,221.42888888888888
word_180_overlap_40,A118,What are Dietary Reference Intakes?,[721],"[657, 721, 280]","[0.8260000944137573, 0.8205580115318298, 0.7976605296134949]",0.8260000944137573,True,0.5,1800,221.42888888888888
word_180_overlap_40,A119,"How is an RDA determined from an EAR, and what population goal does it serve?",[722],"[722, 721, 722]","[0.7996491193771362, 0.6695953607559204, 0.6620277166366577]",0.7996491193771362,True,1.0,1800,221.42888888888888
word_180_overlap_40,A120,How does Percent Daily Value help someone read a Nutrition Facts panel?,[727],"[727, 727, 408]","[0.7807651162147522, 0.7307049036026001, 0.7175089716911316]",0.7807651162147522,True,1.0,1800,221.42888888888888
word_180_overlap_40,A121,How do EAR and RDA differ?,"[722, 723]","[722, 722, 249]","[0.7247362732887268, 0.6584497690200806, 0.6310019493103027]",0.7247362732887268,True,1.0,1800,221.42888888888888
word_180_overlap_40,A122,List changes made to the updated Nutrition Facts label.,"[726, 727]","[726, 726, 732]","[0.7941646575927734, 0.7683271169662476, 0.7637326121330261]",0.7941646575927734,True,1.0,1800,221.42888888888888
word_180_overlap_40,A123,"A cracker label says 20 crackers equal one serving and the box contains 10 servings. If someone eats 40 crackers, how many servings did they eat?",[727],"[727, 735, 749]","[0.6912299394607544, 0.6456323266029358, 0.6438295841217041]",0.6912299394607544,True,1.0,1800,221.42888888888888
word_180_overlap_40,A124,What temperature range is called the danger zone for bacterial growth?,[767],"[767, 768, 769]","[0.7149369120597839, 0.6317766308784485, 0.6137933731079102]",0.7149369120597839,True,1.0,1800,221.42888888888888
word_180_overlap_40,A125,What is a foodborne infection?,[766],"[764, 766, 766]","[0.8212019205093384, 0.7933354377746582, 0.7920323610305786]",0.8212019205093384,True,0.5,1800,221.42888888888888
word_180_overlap_40,A126,Why can cooked food left at room temperature for hours cause illness?,[771],"[771, 799, 773]","[0.7895718812942505, 0.749795138835907, 0.7376348376274109]",0.7895718812942505,True,1.0,1800,221.42888888888888
word_180_overlap_40,A127,How do food infection and food intoxication differ?,"[766, 769]","[771, 769, 766]","[0.8019558191299438, 0.7765904664993286, 0.7746360301971436]",0.8019558191299438,True,0.5,1800,221.42888888888888
word_180_overlap_40,A128,"List the four most important consumer steps for handling, preparing, and serving food safely.",[797],"[797, 783, 560]","[0.8193556070327759, 0.6869261860847473, 0.6862379312515259]",0.8193556070327759,True,1.0,1800,221.42888888888888
word_180_overlap_40,A129,"How do buying, storing, and preparing food safely work together to reduce foodborne illness risk?","[797, 798]","[797, 787, -9]","[0.7892149090766907, 0.7277001142501831, 0.7255156636238098]",0.7892149090766907,True,1.0,1800,221.42888888888888
word_180_overlap_40,A130,A family cooked dinner and has leftovers. What should they do to store the food safely?,"[797, 798]","[799, 797, 797]","[0.7477332353591919, 0.7390645146369934, 0.7314509153366089]",0.7477332353591919,True,0.5,1800,221.42888888888888
word_180_overlap_40,A131,Can a person with excess body weight still be malnourished?,[853],"[853, 854, 861]","[0.7232385873794556, 0.688086986541748, 0.6835006475448608]",0.7232385873794556,True,1.0,1800,221.42888888888888
word_180_overlap_40,A132,How common is food insecurity in Louisiana as described?,[860],"[860, 628, 22]","[0.808390736579895, 0.781741201877594, 0.7768211960792542]",0.808390736579895,True,1.0,1800,221.42888888888888
word_180_overlap_40,A133,What education and credentialing steps are required to become a registered dietitian?,[866],"[866, 866, 32]","[0.7600159645080566, 0.7306003570556641, 0.6307595372200012]",0.7600159645080566,True,1.0,1800,221.42888888888888
word_180_overlap_40,A134,What is wellness?,[805],"[805, 661, 714]","[0.7026160359382629, 0.6277775764465332, 0.6179290413856506]",0.7026160359382629,True,1.0,1800,221.42888888888888
word_180_overlap_40,A135,Why is managing weight by only comparing calories in and calories out overly simplistic?,[815],"[815, 265, 739]","[0.7655125856399536, 0.7078096866607666, 0.6983345746994019]",0.7655125856399536,True,1.0,1800,221.42888888888888
word_180_overlap_40,A136,Why are chronic disease risk factors warning signs rather than guarantees?,[839],"[839, 839, 840]","[0.8336613178253174, 0.8000140190124512, 0.7301104068756104]",0.8336613178253174,True,1.0,1800,221.42888888888888
word_180_overlap_40,A137,How do undernutrition and overnutrition differ?,[853],"[853, 853, 860]","[0.8356431126594543, 0.7462384700775146, 0.7314291000366211]",0.8356431126594543,True,1.0,1800,221.42888888888888
word_180_overlap_40,A138,List groups described as being at risk of hunger or malnutrition.,[861],"[861, 861, 859]","[0.8272490501403809, 0.7926142811775208, 0.7560672163963318]",0.8272490501403809,True,1.0,1800,221.42888888888888
word_180_overlap_40,A139,How can disease and diet create a cycle that compromises nutrition and health?,[824],"[824, 817, 30]","[0.7994732856750488, 0.7111058831214905, 0.7046536207199097]",0.7994732856750488,True,1.0,1800,221.42888888888888
word_180_overlap_40,A140,A student wants a career providing evidence-based nutrition care. How should they distinguish registered dietitians from nutritionists?,[866],"[866, 866, 867]","[0.8076876997947693, 0.7619103193283081, 0.7057390213012695]",0.8076876997947693,True,1.0,1800,221.42888888888888
word_280_overlap_60,A001,Which six classes of nutrients are required for the body to function and maintain overall health?,[4],"[4, 10, 9]","[0.8033629655838013, 0.7708618640899658, 0.7554937601089478]",0.8033629655838013,True,1.0,1309,289.3857906799083
word_280_overlap_60,A002,What is a macronutrient?,[5],"[5, 7, 477]","[0.7943210601806641, 0.7379722595214844, 0.7114347219467163]",0.7943210601806641,True,1.0,1309,289.3857906799083
word_280_overlap_60,A003,What does the term Calorie on a Nutrition Facts label actually represent?,"[264, 735, 726, 5]","[264, 735, 726]","[0.7528737187385559, 0.7418964505195618, 0.7406558990478516]",0.7528737187385559,True,1.0,1309,289.3857906799083
word_280_overlap_60,A004,Why is water considered a required macronutrient even though it does not provide energy?,"[5, 7]","[7, 5, 265]","[0.8010458946228027, 0.7826000452041626, 0.7482350468635559]",0.8010458946228027,True,1.0,1309,289.3857906799083
word_280_overlap_60,A005,Why are nutrient-dense foods considered higher-quality foods?,[13],"[36, 266, 804]","[0.7631927132606506, 0.7512273788452148, 0.7427016496658325]",0.7631927132606506,False,0.0,1309,289.3857906799083
word_280_overlap_60,A006,List the common metric prefixes and amounts used in nutrition measurement.,[16],"[16, 5, 726]","[0.8050490021705627, 0.7004433274269104, 0.6939324140548706]",0.8050490021705627,True,1.0,1309,289.3857906799083
word_280_overlap_60,A007,How do dietary habits and other lifestyle factors work together to influence health?,[19],"[19, 23, 35]","[0.80754554271698, 0.7742114663124084, 0.7455043196678162]",0.80754554271698,True,1.0,1309,289.3857906799083
word_280_overlap_60,A008,What is an epidemiological study in nutrition research?,[26],"[26, 30, 26]","[0.7949354648590088, 0.7231573462486267, 0.7029106616973877]",0.7949354648590088,True,1.0,1309,289.3857906799083
word_280_overlap_60,A009,How do epidemiological studies and intervention clinical trials differ in what they can show?,[26],"[26, 32, 843]","[0.776725172996521, 0.6461166143417358, 0.6424129009246826]",0.776725172996521,True,1.0,1309,289.3857906799083
word_280_overlap_60,A010,Why is one nutrition study usually not enough to make a guideline or recommendation?,[30],"[756, 41, 755]","[0.732487678527832, 0.7241895198822021, 0.7216969132423401]",0.732487678527832,False,0.0,1309,289.3857906799083
word_280_overlap_60,A011,Why should a reader trace nutrition news back to the original journal article when possible?,[32],"[32, 33, 31]","[0.740002453327179, 0.7210143208503723, 0.7033728361129761]",0.740002453327179,True,1.0,1309,289.3857906799083
word_280_overlap_60,A012,What are the ABCD methods used for nutritional assessment?,[27],"[27, 29, 28]","[0.8209978938102722, 0.7324869632720947, 0.6976456642150879]",0.8209978938102722,True,1.0,1309,289.3857906799083
word_280_overlap_60,A013,How does the history of iodine and goiter illustrate an evidence-based approach to nutrition?,"[39, 40, 41]","[41, 39, 39]","[0.8390416502952576, 0.7986735105514526, 0.7977150678634644]",0.8390416502952576,True,1.0,1309,289.3857906799083
word_280_overlap_60,A014,What is digestion?,[53],"[53, 53, 60]","[0.7831746339797974, 0.7521739602088928, 0.735089898109436]",0.7831746339797974,True,1.0,1309,289.3857906799083
word_280_overlap_60,A015,List the hollow tube-shaped organs that make up the digestive system.,[53],"[53, 57, 51]","[0.7085263729095459, 0.6752474904060364, 0.6726384162902832]",0.7085263729095459,True,1.0,1309,289.3857906799083
word_280_overlap_60,A016,What is chyme?,[57],"[57, 57, 190]","[0.7061430215835571, 0.5784367322921753, 0.5609781742095947]",0.7061430215835571,True,1.0,1309,289.3857906799083
word_280_overlap_60,A017,How does the structure of the small intestine maximize nutrient absorption?,[58],"[58, 59, 60]","[0.8491297364234924, 0.7852275967597961, 0.7766362428665161]",0.8491297364234924,True,1.0,1309,289.3857906799083
word_280_overlap_60,A018,Why is the urinary system important beyond simply removing wastes?,[86],"[86, 88, 69]","[0.8077918887138367, 0.7513154745101929, 0.7122155427932739]",0.8077918887138367,True,1.0,1309,289.3857906799083
word_280_overlap_60,A019,How are overweight and obesity different?,[103],"[103, 293, 292]","[0.7658501863479614, 0.7397329807281494, 0.7238059639930725]",0.7658501863479614,True,1.0,1309,289.3857906799083
word_280_overlap_60,A020,What components help the immune system defend the body?,[100],"[100, 51, 453]","[0.7612495422363281, 0.7465603947639465, 0.7266265749931335]",0.7612495422363281,True,1.0,1309,289.3857906799083
word_280_overlap_60,A021,How can poor nutrient intake increase infection risk through the immune system?,[100],"[101, 100, 393]","[0.801918625831604, 0.7940641045570374, 0.7550814151763916]",0.801918625831604,True,0.5,1309,289.3857906799083
word_280_overlap_60,A022,How does muscle energy storage differ from liver energy storage during activity?,[92],"[137, 275, 136]","[0.7963106632232666, 0.7756351828575134, 0.7701563835144043]",0.7963106632232666,False,0.0,1309,289.3857906799083
word_280_overlap_60,A023,What is the Recommended Dietary Allowance for carbohydrates for children and adults?,[149],"[149, 624, 657]","[0.8013595938682556, 0.7534911036491394, 0.7499368786811829]",0.8013595938682556,True,1.0,1309,289.3857906799083
word_280_overlap_60,A024,How are monosaccharides and disaccharides related within simple carbohydrates?,[117],"[117, 5, 119]","[0.8262492418289185, 0.7806264162063599, 0.7684995532035828]",0.8262492418289185,True,1.0,1309,289.3857906799083
word_280_overlap_60,A025,Why does chemical digestion of carbohydrates stop in the stomach?,[123],"[123, 126, 128]","[0.7833375334739685, 0.7815332412719727, 0.748790979385376]",0.7833375334739685,True,1.0,1309,289.3857906799083
word_280_overlap_60,A026,"What is the glycemic index, and what factors can affect it?",[131],"[131, 849, 129]","[0.85780930519104, 0.7220274209976196, 0.702162504196167]",0.85780930519104,True,1.0,1309,289.3857906799083
word_280_overlap_60,A027,How do added sugars differ from sugars naturally found in whole foods?,[141],"[141, 726, 153]","[0.7748495936393738, 0.7629581689834595, 0.7532514929771423]",0.7748495936393738,True,1.0,1309,289.3857906799083
word_280_overlap_60,A028,"How are carbohydrate digestion, blood glucose, insulin, glucagon, and glycogen connected after a meal and between meals?","[126, 127]","[126, 129, 128]","[0.815876305103302, 0.7609272003173828, 0.7559738159179688]",0.815876305103302,True,1.0,1309,289.3857906799083
word_280_overlap_60,A029,A person wants to choose a less refined bread and reduce added sugars. What label-based strategy should they use?,[151],"[151, 143, 151]","[0.685606837272644, 0.6804072260856628, 0.6727742552757263]",0.685606837272644,True,1.0,1309,289.3857906799083
word_280_overlap_60,A030,"Using a 2,000 kilocalorie diet and the 45–65% AMDR for carbohydrates, how many grams of carbohydrate should a person consume per day?",[149],"[149, 639, 750]","[0.8445632457733154, 0.800395131111145, 0.7901217341423035]",0.8445632457733154,True,1.0,1309,289.3857906799083
word_280_overlap_60,A031,How many kilocalories does one gram of fat or oil provide?,[173],"[264, 264, 173]","[0.8348619341850281, 0.7441786527633667, 0.742922306060791]",0.8348619341850281,True,0.3333333333333333,1309,289.3857906799083
word_280_overlap_60,A032,What percentage of total calories should fat provide for adults according to the AMDR?,"[657, 197, 643, 639]","[657, 639, 657]","[0.8195138573646545, 0.8041084408760071, 0.765730082988739]",0.8195138573646545,True,1.0,1309,289.3857906799083
word_280_overlap_60,A033,What is a triglyceride?,[176],"[176, 167, 166]","[0.7532268166542053, 0.7337964773178101, 0.7234721183776855]",0.7532268166542053,True,1.0,1309,289.3857906799083
word_280_overlap_60,A034,How do dietary fats increase the bioavailability of certain micronutrients?,[170],"[463, 387, 170]","[0.8073340654373169, 0.7770478129386902, 0.7689458727836609]",0.8073340654373169,True,0.3333333333333333,1309,289.3857906799083
word_280_overlap_60,A035,How do omega-6 and omega-3 fatty acids differ in their eicosanoid effects?,[182],"[200, 174, 199]","[0.8027385473251343, 0.7648109793663025, 0.7571318745613098]",0.8027385473251343,False,0.0,1309,289.3857906799083
word_280_overlap_60,A036,How are LDL and HDL different in relation to blood cholesterol risk?,"[193, 194]","[194, 194, 193]","[0.7646645903587341, 0.7566484212875366, 0.7530114054679871]",0.7646645903587341,True,1.0,1309,289.3857906799083
word_280_overlap_60,A037,List four dietary suggestions that can help improve a lipid profile.,[196],"[196, 210, 207]","[0.7960731983184814, 0.7688466906547546, 0.7587937116622925]",0.7960731983184814,True,1.0,1309,289.3857906799083
word_280_overlap_60,A038,How can hydrogenation of fats connect food processing to heart-health concerns?,"[202, 205]","[202, 203, 202]","[0.8297644853591919, 0.7975021600723267, 0.7398042678833008]",0.8297644853591919,True,1.0,1309,289.3857906799083
word_280_overlap_60,A039,"How many amino acids are essential, nonessential, and total in human protein nutrition?",[220],"[220, 221, 251]","[0.867115318775177, 0.7960236668586731, 0.7742705345153809]",0.867115318775177,True,1.0,1309,289.3857906799083
word_280_overlap_60,A040,What is protein?,[218],"[218, 216, 233]","[0.8590836524963379, 0.8123697638511658, 0.7804369926452637]",0.8590836524963379,True,1.0,1309,289.3857906799083
word_280_overlap_60,A041,How do proteins contribute to food structure and texture during cooking?,[226],"[226, 227, -13]","[0.875038206577301, 0.7733737826347351, 0.7522299289703369]",0.875038206577301,True,1.0,1309,289.3857906799083
word_280_overlap_60,A042,How do kwashiorkor and marasmus differ?,[243],"[243, 244, 273]","[0.8133765459060669, 0.7591589689254761, 0.6963924765586853]",0.8133765459060669,True,1.0,1309,289.3857906799083
word_280_overlap_60,A043,List several major functions of proteins in the body.,"[234, 235, 236, 237]","[233, 216, 218]","[0.8532677292823792, 0.8228928446769714, 0.8199454545974731]",0.8532677292823792,False,0.0,1309,289.3857906799083
word_280_overlap_60,A044,How is nitrogen balance used to determine appropriate protein intake?,[249],"[249, 249, 256]","[0.8778089284896851, 0.8418809175491333, 0.7751137614250183]",0.8778089284896851,True,1.0,1309,289.3857906799083
word_280_overlap_60,A045,A person wants to improve protein choices without increasing saturated fat. What options fit that goal?,"[210, 700, 207]","[207, 210, 210]","[0.7604225873947144, 0.7543519735336304, 0.7490907907485962]",0.7604225873947144,True,1.0,1309,289.3857906799083
word_280_overlap_60,A046,How much protein would a healthy 70 kg adult need using 0.8 g/kg body weight?,[249],"[257, 256, 258]","[0.7339519262313843, 0.7300011515617371, 0.7279128432273865]",0.7339519262313843,False,0.0,1309,289.3857906799083
word_280_overlap_60,A047,"On packaged foods, what do the calories listed on the Nutrition Facts panel actually represent?",[265],"[735, 265, 726]","[0.7771881818771362, 0.739484965801239, 0.7322356700897217]",0.7771881818771362,True,0.5,1309,289.3857906799083
word_280_overlap_60,A048,"When is body weight maintained, lost, or gained in relation to energy balance?",[279],"[279, 290, 278]","[0.7502683997154236, 0.7264504432678223, 0.7213817238807678]",0.7502683997154236,True,1.0,1309,289.3857906799083
word_280_overlap_60,A049,What is the difference between potential energy and kinetic energy?,"[264, 268, 344]","[264, 344, 268]","[0.7043803930282593, 0.6932277083396912, 0.6590060591697693]",0.7043803930282593,True,1.0,1309,289.3857906799083
word_280_overlap_60,A050,What is an obesogenic environment?,[276],"[276, 291, 277]","[0.8052226901054382, 0.7094767689704895, 0.6768678426742554]",0.8052226901054382,True,1.0,1309,289.3857906799083
word_280_overlap_60,A051,How do positive and negative energy balance differ in their effects on body weight?,[279],"[278, 818, 249]","[0.7442092895507812, 0.7379259467124939, 0.7098432779312134]",0.7442092895507812,False,0.0,1309,289.3857906799083
word_280_overlap_60,A052,List national-level actions that can support obesity prevention or weight management.,[278],"[299, 277, 278]","[0.7660616040229797, 0.7511696815490723, 0.7333096265792847]",0.7660616040229797,True,0.3333333333333333,1309,289.3857906799083
word_280_overlap_60,A053,"How do the hypothalamus, hunger, and satiety work together to regulate energy intake?",[285],"[285, 286, 287]","[0.8313023447990417, 0.8164370059967041, 0.7428846955299377]",0.8313023447990417,True,1.0,1309,289.3857906799083
word_280_overlap_60,A054,"If breakfast includes 150 calories from yogurt, 209 calories from granola, and 100 calories from orange juice, what is the total caloric intake?",[265],"[748, 265, 639]","[0.759947657585144, 0.7464147210121155, 0.6847602725028992]",0.759947657585144,True,0.5,1309,289.3857906799083
word_280_overlap_60,A055,How is binge drinking defined for men and women?,[306],"[306, 306, 307]","[0.6812242865562439, 0.6803063154220581, 0.6786354780197144]",0.6812242865562439,True,1.0,1309,289.3857906799083
word_280_overlap_60,A056,Why is taking acetaminophen after drinking alcohol risky?,[312],"[312, 314, 312]","[0.7429971098899841, 0.6987636089324951, 0.6728168725967407]",0.7429971098899841,True,1.0,1309,289.3857906799083
word_280_overlap_60,A057,"How do beer, wine, and hard liquor differ in calorie content and nutrient contribution?",[311],"[311, 314, 306]","[0.83336341381073, 0.7852039337158203, 0.7049167156219482]",0.83336341381073,True,1.0,1309,289.3857906799083
word_280_overlap_60,A058,List the three most common forms of alcoholic liver disease.,[316],"[316, 315, 316]","[0.7891260385513306, 0.7697906494140625, 0.7442418932914734]",0.7891260385513306,True,1.0,1309,289.3857906799083
word_280_overlap_60,A059,What adequate intake values are given for total water for adult males and females?,[337],"[337, 326, 658]","[0.8282691240310669, 0.742313027381897, 0.7402883768081665]",0.8282691240310669,True,1.0,1309,289.3857906799083
word_280_overlap_60,A060,What is an electrolyte?,[327],"[327, 345, 344]","[0.7831599712371826, 0.7086489200592041, 0.7019386887550354]",0.7831599712371826,True,1.0,1309,289.3857906799083
word_280_overlap_60,A061,Why is water considered the most critical nutrient?,[331],"[331, 7, 332]","[0.7573961615562439, 0.7521296739578247, 0.698107898235321]",0.7573961615562439,True,1.0,1309,289.3857906799083
word_280_overlap_60,A062,How does dehydration affect blood volume and cells?,[365],"[365, 365, 707]","[0.8389645218849182, 0.7530415058135986, 0.7365117073059082]",0.8389645218849182,True,1.0,1309,289.3857906799083
word_280_overlap_60,A063,How do cations and anions differ in body fluids?,[327],"[327, 328, 344]","[0.7596837282180786, 0.7218776941299438, 0.7201379537582397]",0.7596837282180786,True,1.0,1309,289.3857906799083
word_280_overlap_60,A064,List examples of foods with very high water content.,[338],"[338, 806, -12]","[0.7241592407226562, 0.6912718415260315, 0.6894945502281189]",0.7241592407226562,True,1.0,1309,289.3857906799083
word_280_overlap_60,A065,"How are potassium, aldosterone, and nerve impulses connected?",[362],"[362, 342, 362]","[0.7866054773330688, 0.7073336839675903, 0.6855283975601196]",0.7866054773330688,True,1.0,1309,289.3857906799083
word_280_overlap_60,A066,A person wants a beverage that helps avoid weight gain. What general label-based guidance applies?,[371],"[371, 373, 380]","[0.7411308288574219, 0.6918611526489258, 0.6840430498123169]",0.7411308288574219,True,1.0,1309,289.3857906799083
word_280_overlap_60,A067,What are the adult RDA and adult UL for vitamin E?,[404],"[404, 395, 722]","[0.7493813037872314, 0.702855110168457, 0.6904852390289307]",0.7493813037872314,True,1.0,1309,289.3857906799083
word_280_overlap_60,A068,What vitamin D supplement dose range was linked to lower fracture incidence in a review of clinical trials?,[399],"[399, 399, 400]","[0.7974563837051392, 0.77231365442276, 0.7307369112968445]",0.7974563837051392,True,1.0,1309,289.3857906799083
word_280_overlap_60,A069,What is vitamin A?,[390],"[390, 393, 395]","[0.8234825134277344, 0.792361855506897, 0.7873386144638062]",0.8234825134277344,True,1.0,1309,289.3857906799083
word_280_overlap_60,A070,Why can vitamin A deficiency cause night blindness?,[391],"[391, 390, 403]","[0.8658966422080994, 0.7596710920333862, 0.724052906036377]",0.8658966422080994,True,1.0,1309,289.3857906799083
word_280_overlap_60,A071,How do water-soluble vitamins support energy metabolism?,[411],"[411, 443, 442]","[0.8438478112220764, 0.8001836538314819, 0.7671486735343933]",0.8438478112220764,True,1.0,1309,289.3857906799083
word_280_overlap_60,A072,How do fat-soluble vitamins and water-soluble vitamins differ in the roles described?,"[390, 411]","[387, 411, 388]","[0.8462554216384888, 0.7871701121330261, 0.7801246047019958]",0.8462554216384888,True,0.5,1309,289.3857906799083
word_280_overlap_60,A073,List health problems associated with vitamin D deficiency in children and adults.,[398],"[398, 399, 409]","[0.7927858233451843, 0.7796143889427185, 0.7731881141662598]",0.7927858233451843,True,1.0,1309,289.3857906799083
word_280_overlap_60,A074,How should the relationship between micronutrient deficiency and disease be interpreted for vitamin A?,[393],"[393, 392, 386]","[0.8061633110046387, 0.7587431073188782, 0.7437390089035034]",0.8061633110046387,True,1.0,1309,289.3857906799083
word_280_overlap_60,A075,How does vitamin C act as an antioxidant and support body tissues?,[412],"[412, 413, 386]","[0.8616632223129272, 0.7745645046234131, 0.7592306137084961]",0.8616632223129272,True,1.0,1309,289.3857906799083
word_280_overlap_60,A076,A person is considering very high-dose vitamin E supplements. What caution is supported?,[404],"[402, 403, 404]","[0.7426066398620605, 0.737035870552063, 0.7095886468887329]",0.7426066398620605,True,0.3333333333333333,1309,289.3857906799083
word_280_overlap_60,A077,Where is most calcium stored in the human body?,[465],"[465, 474, 466]","[0.8223727941513062, 0.7255747318267822, 0.7161440849304199]",0.8223727941513062,True,1.0,1309,289.3857906799083
word_280_overlap_60,A078,What is phosphorus present as in the body?,[477],"[477, 61, 478]","[0.8563309907913208, 0.7223623991012573, 0.7218305468559265]",0.8563309907913208,True,1.0,1309,289.3857906799083
word_280_overlap_60,A079,Why can low calcium intake weaken bones even when blood calcium remains controlled?,[465],"[465, 471, 466]","[0.7844196557998657, 0.7355002164840698, 0.7331840991973877]",0.7844196557998657,True,1.0,1309,289.3857906799083
word_280_overlap_60,A080,How do calcium carbonate and calcium citrate differ as supplement choices?,[470],"[470, 471, 470]","[0.7567359209060669, 0.7145392298698425, 0.690507173538208]",0.7567359209060669,True,1.0,1309,289.3857906799083
word_280_overlap_60,A081,"How are magnesium, vitamin D activation, parathyroid hormone, and bone density connected?",[483],"[483, 397, 483]","[0.7814117074012756, 0.7051645517349243, 0.7004112601280212]",0.7814117074012756,True,1.0,1309,289.3857906799083
word_280_overlap_60,A082,"How does phosphorus connect cell structure, genetic material, energy production, and bones?",[477],"[477, 265, 94]","[0.7502356171607971, 0.7291151285171509, 0.702384352684021]",0.7502356171607971,True,1.0,1309,289.3857906799083
word_280_overlap_60,A083,What percentage reduction in cavities did water fluoridation prevent on average in children?,[527],"[527, 528, 527]","[0.7754327654838562, 0.7426549792289734, 0.7207044959068298]",0.7754327654838562,True,1.0,1309,289.3857906799083
word_280_overlap_60,A084,What are trace minerals?,[494],"[494, 9, -11]","[0.789101243019104, 0.7335273623466492, 0.7170153260231018]",0.789101243019104,True,1.0,1309,289.3857906799083
word_280_overlap_60,A085,How does vitamin C affect iron absorption from plant-based meals?,[498],"[498, 463, 614]","[0.8314467072486877, 0.8263616561889648, 0.8013482093811035]",0.8314467072486877,True,1.0,1309,289.3857906799083
word_280_overlap_60,A086,How do heme and nonheme iron differ in bioavailability and food sources?,[498],"[501, 498, 463]","[0.7839306592941284, 0.7715262770652771, 0.7237263917922974]",0.7839306592941284,True,0.5,1309,289.3857906799083
word_280_overlap_60,A087,List signs or consequences of severe zinc deficiency.,[507],"[507, 501, 101]","[0.724958598613739, 0.7147483825683594, 0.7032424807548523]",0.724958598613739,True,1.0,1309,289.3857906799083
word_280_overlap_60,A088,"How can iodine deficiency affect the thyroid, metabolism, growth, and brain development?",[515],"[515, 40, 556]","[0.856399416923523, 0.7099646329879761, 0.7093414068222046]",0.856399416923523,True,1.0,1309,289.3857906799083
word_280_overlap_60,A089,How does selenium work with other antioxidants and thyroid-related functions?,[510],"[510, 511, 451]","[0.8382422924041748, 0.7533924579620361, 0.736473798751831]",0.8382422924041748,True,1.0,1309,289.3857906799083
word_280_overlap_60,A090,"How much folic acid should women of childbearing age get daily from fortified foods, supplements, or both?",[546],"[546, 436, 437]","[0.8369697332382202, 0.7898000478744507, 0.7770171761512756]",0.8369697332382202,True,1.0,1309,289.3857906799083
word_280_overlap_60,A091,What is colostrum?,[586],"[587, 586, 586]","[0.7604034543037415, 0.7231714725494385, 0.6845555901527405]",0.7604034543037415,True,0.5,1309,289.3857906799083
word_280_overlap_60,A092,Why is good nutrition important during pregnancy?,[544],"[544, 554, 552]","[0.8417909741401672, 0.8077565431594849, 0.7848315238952637]",0.8417909741401672,True,1.0,1309,289.3857906799083
word_280_overlap_60,A093,Why do choline needs increase during pregnancy and lactation?,[556],"[556, 556, 583]","[0.7797545194625854, 0.7765417098999023, 0.7312872409820557]",0.7797545194625854,True,1.0,1309,289.3857906799083
word_280_overlap_60,A094,How do recommended pregnancy weight-gain ranges differ for normal-weight and obese prepregnancy BMI categories?,[547],"[547, 548, 546]","[0.8542940020561218, 0.8460369110107422, 0.8067060708999634]",0.8542940020561218,True,1.0,1309,289.3857906799083
word_280_overlap_60,A095,List food-handling measures that reduce contamination risk during pregnancy or breastfeeding.,[560],"[560, 560, 797]","[0.8087549209594727, 0.7679714560508728, 0.7578014135360718]",0.8087549209594727,True,1.0,1309,289.3857906799083
word_280_overlap_60,A096,A pregnant person wants seafood but is concerned about methylmercury. What choices and limits are supported?,[561],"[561, 554, 560]","[0.8566080331802368, 0.738080620765686, 0.7222943305969238]",0.8566080331802368,True,1.0,1309,289.3857906799083
word_280_overlap_60,A097,"Using the estimate of 40 calories per inch of height, how many calories would a 32-inch toddler need per day?",[607],"[607, 608, 608]","[0.828893780708313, 0.7579659223556519, 0.7441537976264954]",0.828893780708313,True,1.0,1309,289.3857906799083
word_280_overlap_60,A098,"What ages define early, middle, and late childhood?",[622],"[622, 660, 538]","[0.8162062764167786, 0.715684175491333, 0.7025941610336304]",0.8162062764167786,True,1.0,1309,289.3857906799083
word_280_overlap_60,A099,Why is a healthy diet important for school-aged children?,[623],"[627, 566, 620]","[0.7696199417114258, 0.7274595499038696, 0.7222917675971985]",0.7696199417114258,False,0.0,1309,289.3857906799083
word_280_overlap_60,A100,How do early adolescence and late adolescence differ in growth and independence?,"[638, 642, 620]","[642, 638, 620]","[0.8064146637916565, 0.7359435558319092, 0.6962639093399048]",0.8064146637916565,True,1.0,1309,289.3857906799083
word_280_overlap_60,A101,List important micronutrients for children and adolescents and why they matter.,"[625, 639]","[644, 626, 639]","[0.8320384621620178, 0.780205488204956, 0.7779738903045654]",0.8320384621620178,True,0.3333333333333333,1309,289.3857906799083
word_280_overlap_60,A102,"How can food insecurity in childhood affect growth and development, and what programs address it?",[628],"[628, 628, 623]","[0.8230512738227844, 0.7476782202720642, 0.7289626598358154]",0.8230512738227844,True,1.0,1309,289.3857906799083
word_280_overlap_60,A103,A teenager often skips meals and buys convenience-store snacks. What nutrition guidance fits this life stage?,"[642, 643]","[643, 642, -10]","[0.7493990063667297, 0.7063779830932617, 0.6706551313400269]",0.7493990063667297,True,1.0,1309,289.3857906799083
word_280_overlap_60,A104,What daily energy ranges are given for women and men ages nineteen to thirty?,[657],"[281, 660, 657]","[0.7172060608863831, 0.6982563138008118, 0.6780513525009155]",0.7172060608863831,True,0.3333333333333333,1309,289.3857906799083
word_280_overlap_60,A105,What is middle age?,[660],"[660, 539, 663]","[0.8421863913536072, 0.7105299234390259, 0.6783779263496399]",0.8421863913536072,True,1.0,1309,289.3857906799083
word_280_overlap_60,A106,Why do older adults face special nutrition concerns?,[666],"[667, 668, 669]","[0.7884789705276489, 0.7541763186454773, 0.7537897825241089]",0.7884789705276489,False,0.0,1309,289.3857906799083
word_280_overlap_60,A107,How do macronutrient recommendations in middle age compare with young adulthood?,[661],"[661, 672, 644]","[0.7888714075088501, 0.7708290815353394, 0.7543762922286987]",0.7888714075088501,True,1.0,1309,289.3857906799083
word_280_overlap_60,A108,How can aging-related stomach acid changes affect vitamin B12 status and brain health?,[668],"[438, 668, 438]","[0.7778873443603516, 0.744408369064331, 0.729748547077179]",0.7778873443603516,True,0.5,1309,289.3857906799083
word_280_overlap_60,A109,An older adult has difficulty swallowing after neurological problems. What food-texture strategy is supported?,[669],"[669, 667, 668]","[0.7459086775779724, 0.7331124544143677, 0.7240833044052124]",0.7459086775779724,True,1.0,1309,289.3857906799083
word_280_overlap_60,A110,What protein intake range is recommended for athletes?,[700],"[256, 700, 257]","[0.8364332318305969, 0.8322839736938477, 0.8073940873146057]",0.8364332318305969,True,0.5,1309,289.3857906799083
word_280_overlap_60,A111,Why does aerobic training improve cardiorespiratory endurance?,[680],"[680, 681, 692]","[0.8364191055297852, 0.7018358707427979, 0.7008215188980103]",0.8364191055297852,True,1.0,1309,289.3857906799083
word_280_overlap_60,A112,How do anaerobic and aerobic metabolism differ during physical activity?,[691],"[692, 693, 695]","[0.8189586400985718, 0.8035917282104492, 0.7794222235679626]",0.8189586400985718,False,0.0,1309,289.3857906799083
word_280_overlap_60,A113,List physical and mental benefits of regular physical activity.,[687],"[687, 688, 688]","[0.8706521987915039, 0.8531969785690308, 0.8351703882217407]",0.8706521987915039,True,1.0,1309,289.3857906799083
word_280_overlap_60,A114,How can dehydration reduce exercise performance and raise heat-illness risk?,"[706, 707]","[707, 706, 708]","[0.8343821167945862, 0.8322138786315918, 0.7571495175361633]",0.8343821167945862,True,1.0,1309,289.3857906799083
word_280_overlap_60,A115,An endurance athlete trains one to three hours per day at moderate to high intensity. What carbohydrate intake range is appropriate?,[699],"[697, 699, 257]","[0.7635582685470581, 0.748788595199585, 0.7386451363563538]",0.7635582685470581,True,0.5,1309,289.3857906799083
word_280_overlap_60,A116,"What are the AMDR ranges for adults for protein, carbohydrates, and fat?",[724],"[639, 657, 723]","[0.8059942722320557, 0.7879065871238708, 0.7637602686882019]",0.8059942722320557,False,0.0,1309,289.3857906799083
word_280_overlap_60,A117,"What is the updated Daily Value for sodium on a 2,000-calorie diet?",[728],"[349, 349, 758]","[0.7728763818740845, 0.738364040851593, 0.7356172204017639]",0.7728763818740845,False,0.0,1309,289.3857906799083
word_280_overlap_60,A118,What are Dietary Reference Intakes?,[721],"[721, 644, 363]","[0.8231841325759888, 0.8135238885879517, 0.8057605028152466]",0.8231841325759888,True,1.0,1309,289.3857906799083
word_280_overlap_60,A119,"How is an RDA determined from an EAR, and what population goal does it serve?",[722],"[722, 722, 721]","[0.7961137294769287, 0.67054283618927, 0.6567637920379639]",0.7961137294769287,True,1.0,1309,289.3857906799083
word_280_overlap_60,A120,How does Percent Daily Value help someone read a Nutrition Facts panel?,[727],"[727, 727, 724]","[0.7420634031295776, 0.7372452616691589, 0.6893664598464966]",0.7420634031295776,True,1.0,1309,289.3857906799083
word_280_overlap_60,A121,How do EAR and RDA differ?,"[722, 723]","[722, 722, 249]","[0.7402056455612183, 0.6429173350334167, 0.6318637728691101]",0.7402056455612183,True,1.0,1309,289.3857906799083
word_280_overlap_60,A122,List changes made to the updated Nutrition Facts label.,"[726, 727]","[726, 732, 733]","[0.7872030735015869, 0.7637325525283813, 0.759727418422699]",0.7872030735015869,True,1.0,1309,289.3857906799083
word_280_overlap_60,A123,"A cracker label says 20 crackers equal one serving and the box contains 10 servings. If someone eats 40 crackers, how many servings did they eat?",[727],"[727, 735, 749]","[0.6475040912628174, 0.644149661064148, 0.6438297033309937]",0.6475040912628174,True,1.0,1309,289.3857906799083
word_280_overlap_60,A124,What temperature range is called the danger zone for bacterial growth?,[767],"[767, 768, 769]","[0.7040320038795471, 0.6317766904830933, 0.6137934327125549]",0.7040320038795471,True,1.0,1309,289.3857906799083
word_280_overlap_60,A125,What is a foodborne infection?,[766],"[764, 766, 771]","[0.8209962248802185, 0.8183727264404297, 0.7834411859512329]",0.8209962248802185,True,0.5,1309,289.3857906799083
word_280_overlap_60,A126,Why can cooked food left at room temperature for hours cause illness?,[771],"[799, 771, 773]","[0.7726402282714844, 0.7495614290237427, 0.7442606091499329]",0.7726402282714844,True,0.5,1309,289.3857906799083
word_280_overlap_60,A127,How do food infection and food intoxication differ?,"[766, 769]","[771, 769, 766]","[0.8017328977584839, 0.7765903472900391, 0.7753989696502686]",0.8017328977584839,True,0.5,1309,289.3857906799083
word_280_overlap_60,A128,"List the four most important consumer steps for handling, preparing, and serving food safely.",[797],"[797, 797, 783]","[0.825063169002533, 0.704168438911438, 0.688055157661438]",0.825063169002533,True,1.0,1309,289.3857906799083
word_280_overlap_60,A129,"How do buying, storing, and preparing food safely work together to reduce foodborne illness risk?","[797, 798]","[797, 797, 787]","[0.8073537945747375, 0.7577765583992004, 0.7429126501083374]",0.8073537945747375,True,1.0,1309,289.3857906799083
word_280_overlap_60,A130,A family cooked dinner and has leftovers. What should they do to store the food safely?,"[797, 798]","[799, 798, 797]","[0.7198572754859924, 0.7176650762557983, 0.6952691078186035]",0.7198572754859924,True,0.5,1309,289.3857906799083
word_280_overlap_60,A131,Can a person with excess body weight still be malnourished?,[853],"[853, 854, 550]","[0.718756377696991, 0.6878752708435059, 0.680457353591919]",0.718756377696991,True,1.0,1309,289.3857906799083
word_280_overlap_60,A132,How common is food insecurity in Louisiana as described?,[860],"[860, 628, 628]","[0.805634617805481, 0.7888730764389038, 0.7443394660949707]",0.805634617805481,True,1.0,1309,289.3857906799083
word_280_overlap_60,A133,What education and credentialing steps are required to become a registered dietitian?,[866],"[866, 866, 867]","[0.75390625, 0.682895302772522, 0.629359245300293]",0.75390625,True,1.0,1309,289.3857906799083
word_280_overlap_60,A134,What is wellness?,[805],"[805, 661, 805]","[0.7172479629516602, 0.6258296966552734, 0.6241711378097534]",0.7172479629516602,True,1.0,1309,289.3857906799083
word_280_overlap_60,A135,Why is managing weight by only comparing calories in and calories out overly simplistic?,[815],"[815, 279, 265]","[0.7677825689315796, 0.7012947797775269, 0.6927490234375]",0.7677825689315796,True,1.0,1309,289.3857906799083
word_280_overlap_60,A136,Why are chronic disease risk factors warning signs rather than guarantees?,[839],"[839, 839, 840]","[0.8026366829872131, 0.7551542520523071, 0.6851460933685303]",0.8026366829872131,True,1.0,1309,289.3857906799083
word_280_overlap_60,A137,How do undernutrition and overnutrition differ?,[853],"[853, 84, 861]","[0.819094717502594, 0.7085704803466797, 0.68903648853302]",0.819094717502594,True,1.0,1309,289.3857906799083
word_280_overlap_60,A138,List groups described as being at risk of hunger or malnutrition.,[861],"[861, 859, 859]","[0.8323100209236145, 0.7568628191947937, 0.7409934997558594]",0.8323100209236145,True,1.0,1309,289.3857906799083
word_280_overlap_60,A139,How can disease and diet create a cycle that compromises nutrition and health?,[824],"[824, 839, 840]","[0.7738786935806274, 0.721565842628479, 0.714310884475708]",0.7738786935806274,True,1.0,1309,289.3857906799083
word_280_overlap_60,A140,A student wants a career providing evidence-based nutrition care. How should they distinguish registered dietitians from nutritionists?,[866],"[866, 866, 867]","[0.7987830638885498, 0.7822427749633789, 0.7188943028450012]",0.7987830638885498,True,1.0,1309,289.3857906799083
